env_steps,mean_reward,std_reward,success_rate
98304,0.001119100886915641,0.0043576689843784246,nan
196608,0.004874596428126096,0.01202575648987694,0.004756432492285967
294912,0.010790999764576554,0.023999517250794515,0.004272995982319117
393216,0.015997312127728945,0.03493447858864872,0.0050368644297122955
491520,0.015752228850324172,0.036137879993834915,0.0029061788227409124
589824,0.013373331494512967,0.033626578223914246,0.0010833896230906248
688128,0.042891162770392836,0.1032795200612396,0.007398172747343779
786432,0.02958989759485121,0.06268396093424058,0.005205454304814339
884736,0.02958514777768869,0.060530416659284485,0.003012225963175297
983040,0.04655213788166293,0.11059175083728925,0.003502472070977092
1081344,0.054247788673965264,0.09631209683642197,0.004226910416036844
1179648,0.05296990525501315,0.08981090915078352,0.002769631100818515
1277952,0.046389526726852634,0.07219974327508435,0.0030807405710220337
1376256,0.05111896691087168,0.0958056838771942,0.005452245473861694
1474560,0.06175590699887835,0.11709323791587754,0.00366431986913085
1572864,0.07256352712807711,0.10684432847094388,0.00499650789424777
1671168,0.1092789134697523,0.14199927024454262,0.0052189938724040985
1769472,0.1279844437268912,0.1827170783151281,0.004466076847165823
1867776,0.12241403149440884,0.1623000054718009,0.0039470382034778595
1966080,0.13745379176369169,0.19763320286589084,0.006072727497667074
2064384,0.12763365680817515,0.15004612731668207,0.003914612345397472
2162688,0.13180014556855896,0.1798753071780903,0.004727419465780258
2260992,0.14308715926948934,0.17781422329293167,0.004536482505500317
2359296,0.13332276510773228,0.19367957057332852,0.0038173242937773466
2457600,0.16987718150718137,0.1979053575688622,0.00365815544500947
2555904,0.2026670005475171,0.21825396826292226,0.0040225256234407425
2654208,0.15453535978565924,0.20341381899357083,0.0051193078979849815
2752512,0.2106600902089849,0.23500674954236483,0.005468591116368771
2850816,0.18949795212596654,0.22190119663809096,0.004789577331393957
2949120,0.24786847326671704,0.24856009275812185,0.006002334412187338
3047424,0.20716081453254445,0.2694485486387464,0.002927738009020686
3145728,0.21096564491512254,0.2486176039381927,0.0030909436754882336
3244032,0.2663325245724991,0.28370695454081923,0.0035522724501788616
3342336,0.24288259186781944,0.2557783853884266,0.004511204082518816
3440640,0.2988116317242384,0.3009400371564278,0.0036622066982090473
3538944,0.31030306092463433,0.33678600524607893,0.004484756849706173
3637248,0.26271349885500966,0.25500041239598453,0.005222279112786055
3735552,0.2869866189453751,0.27378629424559,0.0028214333578944206
3833856,0.35517628719098865,0.33004235391592096,0.0038129203021526337
3932160,0.2972843218175694,0.26238684077881375,0.003368145553395152
4030464,0.35961541344877335,0.32635036921628013,0.003783752676099539
4128768,0.3841345776803792,0.33313713814395396,0.0038222353905439377
4227072,0.36712719125673177,0.4079961391890214,0.004066110588610172
4325376,0.46529591211583465,0.48381752276362144,0.00519759114831686
4423680,0.4515855168947019,0.38444549745626105,0.005505011882632971
4521984,0.45239884216338394,0.4170208020965227,0.004840121604502201
4620288,0.46502512572333216,0.4299906480809431,0.004529466386884451
4718592,0.4346113653411157,0.4076727318750881,0.0026837531477212906
4816896,0.5068599441833794,0.4122412171520606,0.005082658492028713
4915200,0.4618096901942044,0.45663733209040136,0.004637105390429497
5013504,0.47997945655370133,0.4506160263175261,0.004562134388834238
5111808,0.4933635642239824,0.45322588658223084,0.003085974371060729
5210112,0.502538998099044,0.4487890565632172,0.0038633584044873714
5308416,0.6463257856480777,0.586776890996673,0.007955065928399563
5406720,0.615438305484131,0.60465636278408,0.004746954422444105
5505024,0.5928585905977525,0.4725849980433682,0.0059969378635287285
5603328,0.611562201809138,0.5321308318079212,0.007352801971137524
5701632,0.6793389416765422,0.5865521656167174,0.0068757361732423306
5799936,0.6908135820971801,0.5564015339685197,0.005796858575195074
5898240,0.7412403978593648,0.616002367309666,0.007506251335144043
5996544,0.7321103545278311,0.6612840138213916,0.0057792156003415585
6094848,0.6471653532097116,0.6242526059963668,0.005789215676486492
6193152,0.8081697861477732,0.6671083121126099,0.007646809797734022
6291456,0.77300462895073,0.5866269861202297,0.005476061254739761
6389760,0.7599808881804347,0.6290688962833877,0.005133631639182568
6488064,0.7403797445818782,0.6365715135912847,0.004357021301984787
6586368,0.7021414874959737,0.5603024584940216,0.004968518856912851
6684672,0.8952548615005799,0.7851950714165582,0.007747815456241369
6782976,0.908353197388351,0.6572470986274725,0.00625877920538187
6881280,0.8845008288929239,0.6662064376956676,0.007666704244911671
6979584,0.9084832410886884,0.6648043161289806,0.006584049668163061
7077888,0.9840902668237687,0.7193245907318674,0.008266503922641277
7176192,1.0962409951724112,0.773475700193522,0.008519071154296398
7274496,0.9677846855530515,0.7258776035869914,0.007760263048112392
7372800,1.0315727968933062,0.8091556538825179,0.00716760940849781
7471104,0.9389859316166258,0.7607232197312477,0.00706877838820219
7569408,0.9208152006793534,0.6810364168185457,0.009022234007716179
7667712,1.0764234374091028,0.8351303346758342,0.008476205170154572
7766016,1.0892573701031507,0.7794794780734352,0.009311041794717312
7864320,1.317746885959059,0.914809826469612,0.011657675728201866
7962624,1.2179395496845244,0.9020347166305878,0.009058638475835323
8060928,1.284208924844861,0.8681442007639047,0.012153660878539085
8159232,1.1360535350162535,0.8856766443125037,0.008069764822721481
8257536,1.3357851554453373,0.9653358955360073,0.011833813041448593
8355840,1.228412390705198,0.9254296518785389,0.01084885373711586
8454144,1.233584725977853,0.8858379144023752,0.008707137778401375
8552448,1.0455246430030092,0.7347849100107738,0.00833138171583414
8650752,1.298521665930748,0.8620700325459691,0.011951150372624397
8749056,1.4014415737614037,0.9873941914039757,0.013297490775585175
8847360,1.5305520605295897,0.9158082897162149,0.013869764283299446
8945664,1.370081305578351,0.9567954931577929,0.010982461273670197
9043968,1.665682578906417,0.9316759856618778,0.014696722850203514
9142272,1.5154506085813046,1.155485012343896,0.01851874403655529
9240576,1.49877878382802,0.9807362843404624,0.011019083671271801
9338880,1.4227212443947792,0.9202267097149073,0.012393273413181305
9437184,1.7060729216784238,1.4394348375482413,0.013993228785693645
9535488,1.6531113155931234,1.2731928028062658,0.017839856445789337
9633792,1.495540374815464,1.1545520363819328,0.01512543112039566
9732096,1.556308258958161,1.111214572458305,0.014431467279791832
9830400,1.520905696451664,1.0394251340630205,0.01594267040491104
9928704,1.673288727104664,1.0721079227871988,0.012410517781972885
10027008,1.554943366497755,0.9217688656673548,0.011425167322158813
10125312,1.937087464481592,1.0889734162658267,0.01835666596889496
10223616,1.7216580504365266,1.1660762159155693,0.018752191215753555
10321920,1.8365633010864257,1.2944042089685603,0.01602286472916603
10420224,1.9219522649049758,1.202487944414144,0.014103187248110771
10518528,1.9054598809313028,1.331823520790898,0.015002867206931114
10616832,1.8786625811830162,1.2631210801081076,0.020556708797812462
10715136,1.9725079560279846,1.121082923422292,0.015684224665164948
10813440,2.1677038238942625,1.3012678825757393,0.019665177911520004
10911744,1.940325569100678,1.3434431165998484,0.019249387085437775
11010048,2.073676878660917,1.3162363768126688,0.02512308582663536
11108352,2.1512213661521673,1.2298770325056199,0.019063211977481842
11206656,1.9923687912640162,1.1879532078955677,0.018055986613035202
11304960,1.9898350394144655,1.3965458968349327,0.01930963806807995
11403264,2.2884050158411267,1.3280586204279445,0.021040335297584534
11501568,2.2161687310039997,1.2950240989104131,0.018536698073148727
11599872,2.0251002122461794,1.4307637093759262,0.020246798172593117
11698176,2.1634302305430175,1.4570830071197027,0.019751738756895065
11796480,2.1790451519936322,1.3080473595672957,0.02063405141234398
11894784,2.294276563823223,1.3483899418918859,0.01960044912993908
11993088,2.355438448935747,1.4623547080215598,0.02175164967775345
12091392,2.6584509489126504,1.578183211179616,0.025865662842988968
12189696,2.76385548889637,1.7012460701866026,0.031059667468070984
12288000,2.9600089125800877,1.5305531677469892,0.033191852271556854
12386304,2.88725513741374,1.471489940503262,0.03346526250243187
12484608,3.0387520288303493,1.7159977917265823,0.02908703312277794
12582912,3.200892568230629,1.7051652561067683,0.040236517786979675
12681216,2.855884930193424,1.4384064065322717,0.028917279094457626
12779520,3.0241400209628044,1.5923977813062502,0.03383646160364151
12877824,3.2408908025920393,1.628635150385995,0.0351002998650074
12976128,3.5858467477560043,1.8130760996361779,0.04295595735311508
13074432,3.42453568585217,1.8507234959631735,0.037383656948804855
13172736,3.4852484887838364,1.6188145968014993,0.038295745849609375
13271040,3.382683433890343,1.7195650242127218,0.03877503424882889
13369344,3.676224992275238,1.8360947306594353,0.05003489553928375
13467648,3.291056727990508,1.7054566117189265,0.03519587218761444
13565952,3.4345959864556788,1.7703567390183852,0.03801947087049484
13664256,3.695727837830782,1.7190964828711617,0.043200716376304626
13762560,3.923445801436901,2.0176200168589986,0.040337298065423965
13860864,4.161408042535186,1.8291624219492515,0.051034361124038696
13959168,4.192569678574801,1.705150776488684,0.05010315775871277
14057472,4.133530331254005,1.786096192220744,0.05681750178337097
14155776,4.0001573514938356,1.669919673000717,0.04300248622894287
14254080,4.569893422778696,1.9138358116122407,0.0533088743686676
14352384,4.436813583076,2.0493433424372736,0.050441764295101166
14450688,4.575679479241371,1.865054622440684,0.05290810391306877
14548992,4.401687236130238,1.8429235902777357,0.051775574684143066
14647296,4.796891434639693,2.1972685838891888,0.061469316482543945
14745600,4.569148731771857,2.199447425027575,0.062024958431720734
14843904,4.732174404412508,1.9248880906590435,0.058902136981487274
14942208,4.960830270573497,1.990183245874609,0.05936715006828308
15040512,5.01941377915442,2.2259855546257885,0.06431232392787933
15138816,5.220706794336438,2.185094764467052,0.0607290081679821
15237120,5.449000934958458,1.9710925362843978,0.07566116750240326
15335424,5.010959254391492,1.8964697052701194,0.05994027107954025
15433728,5.442175033092499,2.0520667558070005,0.06880274415016174
15532032,4.73539576202631,2.3291145906623436,0.05814281105995178
15630336,5.371131260469556,2.2787058578087134,0.06355118006467819
15728640,5.128690725117922,2.050125885379663,0.062200140208005905
15826944,5.746459285393358,2.1753664388896086,0.07910668104887009
15925248,5.815518143326044,2.107863969741253,0.08290041238069534
16023552,5.905738741159439,2.1972701430803894,0.07808929681777954
16121856,5.96485266469419,2.4321265148744766,0.08651300519704819
16220160,5.632224830910563,2.360083212561358,0.07199877500534058
16318464,6.103088437952101,2.7449910984992485,0.08081077039241791
16416768,6.280803925693035,2.4217338870432705,0.08866818249225616
16515072,6.112274756580591,2.6239599451982984,0.09224070608615875
16613376,6.347248320132494,2.3611258064679896,0.09000780433416367
16711680,6.941017417907715,2.728602001893778,0.10238702595233917
16809984,6.528352132588625,2.6872354051156964,0.09575612843036652
16908288,6.673165002316236,2.6995428734312883,0.09174090623855591
17006592,6.450622533224523,2.917043737791683,0.09079387784004211
17104896,6.1895969394594434,2.2928403004419717,0.07775159925222397
17203200,6.590169178247452,2.981592216139588,0.10357870906591415
17301504,6.337901584878564,2.691812448621584,0.08450480550527573
17399808,6.645714178644121,3.2882168014231694,0.09984298050403595
17498112,6.712914334833622,2.885455215315877,0.10637786239385605
17596416,7.196230973750353,2.88904708367201,0.117526575922966
17694720,6.882189643234015,2.96354895206804,0.09767230600118637
17793024,6.531233254671097,3.0677314236342124,0.09629735350608826
17891328,6.824639141410589,2.9558398287028633,0.10592135041952133
17989632,6.57606695085764,3.141961969678345,0.10297207534313202
18087936,6.80690403342247,2.9528463386412933,0.10521163046360016
18186240,7.220022124946118,3.1877255193287737,0.1103905737400055
18284544,6.40509265884757,3.3364675484900577,0.09901563823223114
18382848,7.196095367921516,3.1630784800956047,0.11512058973312378
18481152,6.95830066382885,3.381190242726854,0.11513787508010864
18579456,6.872361584752798,3.29262819097512,0.11576972901821136
18677760,7.0169743293523785,3.093600406003131,0.10605188459157944
18776064,7.316123147457838,3.238029154293127,0.12698319554328918
18874368,7.1027343916893,3.474966511176887,0.1300688236951828
18972672,6.820976355336606,3.9880551141993803,0.11293777078390121
19070976,6.226043738685548,3.7489770408928385,0.11195524781942368
19169280,6.885772458654828,3.55260387467183,0.11937305331230164
19267584,6.509662758558989,3.650345031431014,0.12399928271770477
19365888,6.690481173694134,3.55363242437491,0.11318972706794739
19464192,6.305600037202239,3.930430595480213,0.11584511399269104
19562496,6.832608578801155,3.7419411289351583,0.1254982054233551
19660800,6.912930198162794,3.8734845711387544,0.11815214157104492
19759104,7.447561320737004,4.027880620418178,0.12418701499700546
19857408,6.5998184078931805,3.6798560534643725,0.11678165197372437
19955712,7.6564774617552755,3.6607367246138485,0.13176065683364868
20054016,7.359449985176325,3.9613135941116004,0.1259714812040329
20152320,6.702419241964817,3.7020848193452243,0.11925232410430908
20250624,7.5332020245492455,3.862566976175078,0.13039159774780273
20348928,7.464083559513092,3.764101881012591,0.13590966165065765
20447232,7.292979359403253,4.1596655025651215,0.1317812204360962
20545536,6.710263069272042,3.8313357364861287,0.11150097846984863
20643840,6.421392980962992,3.977095132995156,0.12179648131132126
20742144,7.167778016626835,3.9868799761427907,0.12130599468946457
20840448,7.859463614746928,3.8595139585144342,0.1340552568435669
20938752,6.864402615427971,3.867284599283118,0.1269066333770752
21037056,7.034331566467881,3.8827932660268374,0.12015270441770554
21135360,6.886872327066958,3.721494325216789,0.11803480237722397
21233664,7.372209872193634,3.9863691326943305,0.1321566104888916
21331968,6.604186180904508,3.99696901585808,0.12211976945400238
21430272,7.003244101218879,4.063560619237179,0.12795504927635193
21528576,6.5339099963009355,4.1856339945445145,0.1182289719581604
21626880,6.382763682603836,4.1853971479213925,0.11673139780759811
21725184,6.233103042915463,4.084343067012882,0.12117886543273926
21823488,6.025009554512799,4.0366097439576,0.1155751571059227
21921792,5.76630967579782,3.824890539479243,0.10982104390859604
22020096,6.157313464581966,4.40014019247485,0.1237180233001709
22118400,6.499377706795931,3.9910766816245515,0.12433990091085434
22216704,6.1633771228417755,4.23632545689905,0.12220685184001923
22315008,5.872508659288287,3.892319845401762,0.11515578627586365
22413312,5.390213617682457,4.169333882088909,0.11541680991649628
22511616,5.938570523411036,4.509958097137761,0.12652264535427094
22609920,5.522805471867323,4.298929322048659,0.11458297818899155
22708224,5.444828031100332,3.8645119546583873,0.11056244373321533
22806528,5.822667082250118,4.450407168444531,0.11947890371084213
22904832,5.124571119621396,4.357534677318123,0.11906576156616211
23003136,5.737351824976503,3.879847671904883,0.1231226921081543
23101440,5.810101776197553,4.543225409937657,0.12313877791166306
23199744,5.386324607655406,3.8404328285180287,0.11028169840574265
23298048,4.138996782978065,3.8018209681921493,0.11957098543643951
23396352,5.687420143932104,4.459677259680832,0.12435051053762436
23494656,4.977942161336541,3.644934759530587,0.11343693733215332
23592960,4.317837599217892,3.9484697354632643,0.0994301289319992
23691264,4.698976136103738,3.5312555402854207,0.12743286788463593
23789568,5.414610002674163,4.362678063161397,0.1192910298705101
23887872,4.811409686431289,4.027967550827302,0.12000153958797455
23986176,4.974055275991559,4.008996781404496,0.1072615385055542
24084480,4.7089386157691475,4.114800813866461,0.11137627065181732
24182784,4.843924779966474,4.041396412866651,0.1186879500746727
24281088,4.053869832083583,3.888062588662323,0.10321726649999619
24379392,3.8624264751002193,3.799870713630196,0.10856659710407257
24477696,4.347145701833069,3.8794557937950294,0.11040085554122925
24576000,3.386843317486346,3.2042236825419597,0.1078047975897789
24674304,4.083402422368526,3.8247756359681553,0.1203707754611969
24772608,4.219952901825309,3.7991890375114887,0.10991646349430084
24870912,3.8775737190246584,3.6904929132666155,0.10985679924488068
24969216,3.94953070868738,3.9059347487510325,0.1154923364520073
25067520,4.055741139389575,3.5911138676483314,0.12149309366941452
25165824,3.5282943131402136,3.6252734867554346,0.11547573655843735
25264128,3.988741776235402,3.7478647155082205,0.12456893920898438
25362432,3.6378979925904424,3.390308017016379,0.1121499091386795
25460736,3.70453599633649,3.4404627480581813,0.1068645715713501
25559040,3.5937628782726825,3.6045226295871324,0.11531930416822433
25657344,3.6653251761198042,3.4548673092286326,0.10992327332496643
25755648,3.461533721257001,3.628248695054764,0.11498694866895676
25853952,3.5239884198457,3.4533272135509128,0.11134490370750427
25952256,3.2538851661980153,3.1320036492677636,0.11062759160995483
26050560,3.3538527262583373,3.055871872844545,0.10362017154693604
26148864,3.3199479199200868,3.4807778988038605,0.11639907211065292
26247168,2.9864498692005874,2.8983293369912797,0.10648562759160995
26345472,3.068120632711798,3.1604407724783434,0.109226755797863
26443776,2.9549023962952194,2.914933933835447,0.10042311251163483
26542080,2.723776696883142,3.4335677242492437,0.10431893914937973
26640384,3.3583769365027547,3.371351036515631,0.110765241086483
26738688,2.9595810968801377,3.081817950559103,0.11222156137228012
26836992,2.791854372546077,2.5497361597218604,0.10052334517240524
26935296,3.041088741198182,3.223828208315191,0.11098577082157135
27033600,2.640921333655715,2.888512089863054,0.10289385169744492
27131904,2.854259252129123,2.7006373272901993,0.09790275990962982
27230208,3.108989418670535,3.09241842747522,0.1057017371058464
27328512,2.905457229465246,3.014559728495237,0.10882499068975449
27426816,2.685398313095793,3.3182860713277718,0.111214280128479
27525120,3.5773407775908708,3.3469775054796687,0.12987878918647766
27623424,2.6327000474417583,2.9940444941261664,0.10508275032043457
27721728,2.6679018298909067,3.0744565095839547,0.09818302094936371
27820032,2.91631748534739,2.8720967071526746,0.11331510543823242
27918336,2.9254763508960604,3.2312620105543166,0.11340715736150742
28016640,2.1790100589301438,2.5582435783320077,0.10475151240825653
28114944,2.635443590520881,3.045866755526225,0.12001436948776245
28213248,3.381525138244033,3.6567032445008367,0.11394420266151428
28311552,2.673112542277668,3.140923022730409,0.11527994275093079
28409856,3.2455279928818346,3.520040794377364,0.11108154058456421
28508160,2.9328264205157755,3.00509970174776,0.11063949763774872
28606464,2.313080057632178,2.6012209206274224,0.10591880977153778
28704768,2.2670090617239476,2.6738376777902455,0.11841286718845367
28803072,2.6599077825434505,2.9252121030571483,0.10808555781841278
28901376,2.6969471546821295,3.4569019558380356,0.11827294528484344
28999680,2.505836791358888,2.755029026368202,0.10409486293792725
29097984,2.5391092083975675,2.9379699510735455,0.11024163663387299
29196288,2.547466013412923,2.8384875990553895,0.11956523358821869
29294592,2.4025467137433587,2.5122668864933106,0.11950644105672836
29392896,2.170269301980734,2.592193463926979,0.11047010123729706
29491200,2.335189298838377,2.923350838719802,0.10311563313007355
29589504,2.2442407605610786,2.6963284583625193,0.11423264443874359
29687808,2.438861638568342,2.8288071474392495,0.11253248900175095
29786112,2.2482568095624447,2.778572599122792,0.1117434948682785
29884416,2.3817058398015796,2.9089315537603957,0.11439468711614609
29982720,1.907253683032468,2.3049091721777257,0.10595017671585083
30081024,1.7234817623952403,2.2268854251360297,0.10616350173950195
30179328,1.6837284195562825,2.1730369432655197,0.10270202159881592
30277632,2.2452836799714713,3.0376668382650855,0.10622362792491913
30375936,1.355567220780067,1.8751397895159228,0.10537886619567871
30474240,1.9296290546748787,2.5789326440328506,0.09603311121463776
30572544,2.112743413159624,2.9550782342753643,0.09854765236377716
30670848,2.4221950031444432,3.001574846273187,0.10981323570013046
30769152,1.7223087711120024,2.2909483014977257,0.10014083236455917
30867456,1.719086240362376,2.2072477994996054,0.09239877760410309
30965760,1.7455678378790618,2.483074179770363,0.10556042194366455
31064064,1.84873845952563,2.1882526657305137,0.10441471636295319
31162368,1.4483068821579217,1.8904743643352349,0.10360364615917206
31260672,1.6882699587056413,2.1339899738538826,0.10795915126800537
31358976,1.9097392506431787,2.530316533795162,0.10797642171382904
31457280,1.6226113019883632,2.324766716127088,0.09835611283779144
31555584,1.914618951966986,2.7141869147170676,0.09969957917928696
31653888,1.1183887872844935,1.909074592827638,0.09811683744192123
31752192,1.1153454200737178,1.6792346919680015,0.10352203249931335
31850496,1.4649669890897348,2.0506286664805327,0.10336087644100189
31948800,1.5193708430230617,2.015844707984856,0.103550985455513
32047104,1.5471846412494779,2.287772317947427,0.10747780650854111
32145408,1.3953958412259817,2.121989495310856,0.10472994297742844
32243712,1.0764569687284529,1.674269160618729,0.1048983782529831
32342016,1.2048023124714382,1.6129105371031656,0.092018723487854
32440320,1.2983476673159748,1.8388917055730256,0.09639086574316025
32538624,1.253290816694498,1.8157146473049741,0.10119473934173584
32636928,1.0877822256693617,2.027846808153103,0.10047625005245209
32735232,0.8525916483718902,1.3829932740751858,0.0980866551399231
32833536,1.3477543251402677,2.165695536856112,0.09712515771389008
32931840,1.5735512038134039,2.419086206954783,0.10215528309345245
33030144,1.4288389113964513,2.1252920717627646,0.10299405455589294
33128448,1.4588541674800217,2.3222686234517234,0.09436218440532684
33226752,1.2878044301224874,1.97569840649211,0.09981675446033478
33325056,1.1151553286612035,1.9393808331311273,0.09593349695205688
33423360,0.7866213539335877,1.2870249426148639,0.09106632322072983
33521664,0.9121602535573765,1.4098778783266577,0.08945107460021973
33619968,0.8314877204596997,1.4350323372171883,0.09573478996753693
33718272,1.1736468776781113,1.9368388871061966,0.0984053909778595
33816576,1.1062730729579926,1.689237233706302,0.0961175486445427
33914880,0.9759234983753413,1.4080994631086943,0.08913137763738632
34013184,1.0695542377699168,1.4600765390855697,0.08925186097621918
34111488,0.873788218004629,1.3257894043299485,0.08661425113677979
34209792,0.8692039089184255,1.5708509400977189,0.09313734620809555
34308096,0.9534799906611443,1.605419962459109,0.08567474782466888
34406400,1.3626020166564559,2.12530014637333,0.09385238587856293
34504704,0.8295007312763483,1.192093327060162,0.08513550460338593
34603008,0.6143749839474912,1.3302985581085716,0.08749236166477203
34701312,0.7839535962231458,1.380249946931482,0.0839441642165184
34799616,0.6626077646343037,1.4058214610927011,0.07819721102714539
34897920,0.5462340197619051,1.0299644363586251,0.08084464073181152
34996224,0.7379961076937616,1.1714140761599665,0.09032595157623291
35094528,0.6435914427414536,1.2473344623974914,0.0778474360704422
35192832,0.8148270945716649,1.5785778118617537,0.07945306599140167
35291136,0.5609579546423629,1.1664245947381409,0.08127855509519577
35389440,0.4603011921141297,1.0865017344479908,0.08106517791748047
35487744,0.7296249911189079,1.5796702199179902,0.08162342011928558
35586048,0.7383541353512555,1.3319890033676456,0.07883690297603607
35684352,0.5430653251986951,1.1090005880853886,0.07594724744558334
35782656,0.7976440719515085,1.5584392090428545,0.07298674434423447
35880960,0.733550462690182,1.428106217865787,0.07174747437238693
35979264,0.3430667338706553,0.7369345117579356,0.07365069538354874
36077568,0.7361679920647294,1.3793738918015594,0.07454894483089447
36175872,0.4935702442843467,1.111118023991358,0.07434169948101044
36274176,0.46218524760100993,0.8631154993214579,0.07039749622344971
36372480,0.6014904871955514,1.2419290124522655,0.07805284112691879
36470784,0.6351172194024548,1.1920646664836323,0.07524557411670685
36569088,0.5000598747044569,0.9948474924673676,0.06679201126098633
36667392,0.3112108275247738,0.6906168757283602,0.07132930308580399
36765696,0.35922849911265076,0.7895360086133023,0.06774476170539856
36864000,0.40932048903079704,1.1929336160849007,0.06487279385328293
36962304,0.481652804845944,0.9436983886115283,0.06661117821931839
37060608,0.3648600025754422,0.9997695156556535,0.06569080054759979
37158912,0.3592031456530094,0.7666154409194887,0.06925550103187561
37257216,0.46643324925913476,0.8919177546670589,0.06510640680789948
37355520,0.5246455513266847,1.328751623251834,0.0632578656077385
37453824,0.424261101494194,0.9363483637000278,0.06931105256080627
37552128,0.5420068662543781,1.0501369608668611,0.06512656807899475
37650432,0.30558409782592205,0.79723539324548,0.06286274641752243
37748736,0.24567615950945765,0.5487087487911365,0.0617445707321167
37847040,0.28478290361817926,0.8413743605024172,0.05867314338684082
37945344,0.257737561177928,0.5656106043265406,0.05552579089999199
38043648,0.3276354458299465,0.6572422807471185,0.05805099010467529
38141952,0.2998553179949522,0.6098790138920609,0.05988692864775658
38240256,0.3435141228232533,0.8046870900799691,0.05786828324198723
38338560,0.31225389815401283,0.7664190433287906,0.054866693913936615
38436864,0.3683240231499076,0.9996918443566407,0.05282999575138092
38535168,0.4568281251983717,0.959010340900217,0.056602902710437775
38633472,0.4989714852208272,0.9805845902657215,0.05734842270612717
38731776,0.28799560532992474,0.7306306740741297,0.05185877904295921
38830080,0.3258116036467254,0.7841367091683713,0.054334621876478195
38928384,0.3109155445219949,0.6640156857041599,0.05060482770204544
39026688,0.4463607075531036,0.9250420379819655,0.04976721107959747
39124992,0.26883253653999417,0.6149146195923739,0.04878780245780945
39223296,0.28765280058723874,0.6682987849289823,0.04764719307422638
39321600,0.25773480146424843,0.7377124913570773,0.04666837304830551
39419904,0.357993968159426,0.8340219049690444,0.045314423739910126
39518208,0.2658504629705567,0.7336427488114445,0.04569197818636894
39616512,0.26466572741046546,0.5840995789722386,0.042897194623947144
39714816,0.12154128920286894,0.32944437888783,0.03942921385169029
39813120,0.2889091058121994,0.7233480882544446,0.04161374270915985
39911424,0.20908079855842515,0.44195781511612875,0.041263408958911896
40009728,0.24807251078775153,0.6638437370900229,0.04248201847076416
40108032,0.16390359080629424,0.41291738568444947,0.04317861050367355
40206336,0.2092833582451567,0.6221711474205579,0.04164470359683037
40304640,0.23446660017594695,0.6179910360434266,0.04072874039411545
40402944,0.21003669064491987,0.5203516991693887,0.04024392366409302
40501248,0.1770664542110171,0.466589655541827,0.039040181785821915
40599552,0.16400649197865277,0.45655329814050394,0.036661963909864426
40697856,0.16973999405745416,0.4143746337402279,0.03463968262076378
40796160,0.16644286448368803,0.41271680895357754,0.03607412800192833
40894464,0.13962876312201844,0.34775664058683553,0.03574533388018608
40992768,0.12150660260114819,0.32861383413785844,0.03482690081000328
41091072,0.2285179018112831,0.47860804988173156,0.035631947219371796
41189376,0.2047006695251912,0.5164322066376724,0.03398243337869644
41287680,0.09551741216855589,0.14824146376923186,0.03184410557150841
41385984,0.20711913486011327,0.5137287845650887,0.03436509519815445
41484288,0.16052104723989033,0.36965049913153003,0.03031293675303459
41582592,0.13936858074273914,0.34835058597425705,0.03084142878651619
41680896,0.146859449762851,0.4076730778275965,0.0313861221075058
41779200,0.14533147380221634,0.41484036371264,0.030476411804556847
41877504,0.3302319772168994,0.9801103272128436,0.03323623165488243
41975808,0.17767318115453234,0.45136388301914987,0.029316626489162445
42074112,0.1706936517811846,0.41644690262763306,0.030049588531255722
42172416,0.1822914012830006,0.5335427095865387,0.031278591603040695
42270720,0.06990104166092351,0.14930423891810415,0.02700844407081604
42369024,0.08167523771524429,0.17242921374220177,0.026622675359249115
42467328,0.11376742544351146,0.34301990265741344,0.028717953711748123
42565632,0.2647020331991371,0.6281007051169535,0.026234623044729233
42663936,0.07832727570319548,0.22562009415562215,0.025042422115802765
42762240,0.0942617549141869,0.24554775837301082,0.02617034688591957
42860544,0.18787367026088758,0.48529114882413876,0.026899561285972595
42958848,0.09268111266079358,0.23753247602786118,0.023555606603622437
43057152,0.10321542655467056,0.25663226336030703,0.022646283730864525
43155456,0.06517396189970896,0.11813181919928123,0.023914407938718796
43253760,0.11564414975931868,0.302207225999353,0.02327641472220421
43352064,0.12709715825039894,0.2903908940708721,0.022148463875055313
43450368,0.057574038316961375,0.14059635217895983,0.02077890746295452
43548672,0.09481089923530817,0.2746295837069705,0.02071315422654152
43646976,0.08353097708168207,0.1643463046832675,0.020838184282183647
43745280,0.08441533894831083,0.2213593380079999,0.020982569083571434
43843584,0.05621726641431451,0.17959577553907033,0.018838949501514435
43941888,0.057774504855042326,0.09841717497245905,0.018628418445587158
44040192,0.03532090635155328,0.07944052293160832,0.018550708889961243
44138496,0.07100578177138232,0.19905661362223598,0.018255967646837234
44236800,0.07175686235132162,0.14240423065926391,0.01899632439017296
44335104,0.05446159097366035,0.09536301849879979,0.017438184469938278
44433408,0.04590448234346695,0.10693127117975953,0.016556743532419205
44531712,0.04055284691043198,0.06274860568918167,0.016000330448150635
44630016,0.040245407912880185,0.07531344964260388,0.015697112306952477
44728320,0.041386342644691466,0.0956223243070726,0.014143604785203934
44826624,0.03868215843103826,0.05713675451740754,0.014513785019516945
44924928,0.033819074549246576,0.050143324179998804,0.01682245172560215
45023232,0.050482103100512175,0.07271777827174895,0.017665637657046318
45121536,0.03625912913819775,0.05627981317834922,0.01570367068052292
45219840,0.04090090269688517,0.06695105361287698,0.016010476276278496
45318144,0.05605347067496041,0.0799604255725675,0.014971490949392319
45416448,0.05119258435501251,0.08104202969059379,0.017733387649059296
45514752,0.04685671649174765,0.07797504023052497,0.01760590635240078
45613056,0.04228241484059254,0.07053156977216714,0.016987336799502373
45711360,0.042955194739624857,0.06241941332567547,0.01740710437297821
45809664,0.056949793014209715,0.09052694731524409,0.02025650255382061
45907968,0.0637227605166845,0.14014587566749556,0.019489800557494164
46006272,0.03997586880577728,0.06421194379250987,0.01962616667151451
46104576,0.053279220848344265,0.07934313138256667,0.019007381051778793
46202880,0.05188296173233539,0.07154506124699188,0.02152973972260952
46301184,0.04202330808213446,0.07073743823202135,0.02087983302772045
46399488,0.055528254606761036,0.08314487097132141,0.019828449934720993
46497792,0.05473168476484716,0.07666523597796228,0.02271910570561886
46596096,0.06844320568721741,0.09879027714977023,0.020631758496165276
46694400,0.04810617150273174,0.0697792863636161,0.020282980054616928
46792704,0.06856192719889805,0.08635356684926038,0.022107331082224846
46891008,0.08239496113557834,0.12519980566324743,0.024358998984098434
46989312,0.07850217363215052,0.10043544161441907,0.02584145963191986
47087616,0.05081074954476208,0.08252235731241908,0.02427203767001629
47185920,0.06667043487075716,0.09721884197019383,0.02581876888871193
47284224,0.0766673772293143,0.10631050133770646,0.027808040380477905
47382528,0.0781823745672591,0.11327071939724387,0.02874399721622467
47480832,0.08930515534942969,0.15339761069485175,0.025939691811800003
47579136,0.07693018766585738,0.09642452373787207,0.029740244150161743
47677440,0.08129439339340024,0.14070770143250957,0.03273490071296692
47775744,0.07609499663347379,0.09480453062818779,0.0299913939088583
47874048,0.10304706672526663,0.1330806475818291,0.028490528464317322
47972352,0.07260916510829701,0.13883202245931686,0.030523568391799927
48070656,0.07528396902896929,0.10674747965297542,0.029242035001516342
48168960,0.07926563752465882,0.10499184247602504,0.02891518548130989
48267264,0.09020617870381102,0.12385452572678994,0.03183022886514664
48365568,0.07748874427983538,0.11790426018167015,0.03038249909877777
48463872,0.06978626746451483,0.0823136945074343,0.027786891907453537
48562176,0.07733045363042038,0.1048075187688776,0.029264910146594048
48660480,0.07061223191558383,0.09117192128294727,0.02696085534989834
48758784,0.04951425373903476,0.07745434642388109,0.027296915650367737
48857088,0.06071910613914952,0.0853537499217462,0.02729847840964794
48955392,0.05561095496406779,0.0771896622757628,0.02685273066163063
49053696,0.06807433415204286,0.08768444811531213,0.02429676428437233
49152000,0.06619441236311104,0.09421195941260718,0.022181417793035507
49250304,0.050467290859669445,0.07241972946091298,0.02363363467156887
49348608,0.0632898056023987,0.09042077396818977,0.022876091301441193
49446912,0.05023671236820519,0.07354935190601619,0.02382740005850792
49545216,0.06955286675365642,0.09285108202789533,0.022515900433063507
49643520,0.055419263099320236,0.07460458606354395,0.021225204691290855
49741824,0.07269054914591834,0.12363489695974866,0.019604258239269257
49840128,0.05953051310032606,0.07723913256482462,0.02068803273141384
49938432,0.07133193100919016,0.08932064795085679,0.02005874365568161
50036736,0.056739460001699625,0.09921758637251474,0.01630410924553871
50135040,0.057666317199473266,0.10306860004341009,0.015610789880156517
50233344,0.07074448666186071,0.1030617342152225,0.017945703119039536
50331648,0.08080074187979334,0.12245943981268327,0.013988399878144264
50429952,0.08642622675688472,0.14728633559491316,0.015132474713027477
50528256,0.05645043927426741,0.09487304993622343,0.013136828318238258
50626560,0.07312156012514606,0.12400854236019807,0.014256490394473076
50724864,0.08499587987083941,0.14296604605094332,0.014224639162421227
50823168,0.06524028198327869,0.1294267050673256,0.012002881616353989
50921472,0.0878146395116346,0.18528246096534448,0.015577323734760284
51019776,0.06165759416820947,0.11264346951186731,0.013216547667980194
51118080,0.09851599248941056,0.20043353292356708,0.013995461165904999
51216384,0.09761854544805829,0.15258767173401763,0.011484615504741669
51314688,0.11207843289128505,0.20405340764919275,0.014452194795012474
51412992,0.14859809132292867,0.27645641103991797,0.013508027419447899
51511296,0.16048435432603583,0.3539261616944402,0.011744555085897446
51609600,0.16333955401554703,0.3632084439394873,0.014107368886470795
51707904,0.12244170364574529,0.25903715960199913,0.011197301559150219
51806208,0.15896674802002964,0.2827326562571755,0.014296631328761578
51904512,0.1145695753727341,0.19674203402213497,0.014981011860072613
52002816,0.13315323579125107,0.27043156297373905,0.01059393398463726
52101120,0.14734786665067076,0.2982467673470641,0.011775678023695946
52199424,0.12334903426701203,0.27007746588810844,0.012622187845408916
52297728,0.22171621928690002,0.44339800832722476,0.01355645339936018
52396032,0.18329024828737603,0.38625513647686055,0.011505651287734509
52494336,0.23311733707829263,0.40732353818598166,0.011079884134232998
52592640,0.3052156229224056,0.5257079131936749,0.010441854596138
52690944,0.2930875883554108,0.5678109436598312,0.013772247359156609
52789248,0.26877555876155385,0.5307319268814471,0.01525734644383192
52887552,0.2628485864319373,0.5354766839166847,0.011512044817209244
52985856,0.29453412859467787,0.48868302659109797,0.01592092216014862
53084160,0.3057257117028348,0.5140110625668145,0.011941440403461456
53182464,0.23506066162604838,0.396378233611357,0.0149534922093153
53280768,0.39517001566709953,0.7021227534126787,0.0122317373752594
53379072,0.41837165276752786,0.7280211905026724,0.011384773999452591
53477376,0.40029811035637974,0.5764441207338935,0.013135525397956371
53575680,0.4331958664036938,0.8896368716132798,0.01669873669743538
53673984,0.5050677067134529,0.6342249082564438,0.012590741738677025
53772288,0.3025915574596729,0.5883454066154078,0.01102866418659687
53870592,0.5835171572491527,0.9555491967187699,0.011265615001320839
53968896,0.39060327701386993,0.6363070908255237,0.0177388247102499
54067200,0.46616359982202993,0.7717308274532444,0.013855723664164543
54165504,0.47189983640564603,0.7392613734891464,0.015843871980905533
54263808,0.632035723348381,1.011301757876836,0.010135545395314693
54362112,0.40402287589386104,0.6766575159061078,0.01512309443205595
54460416,0.5532442248938605,0.7780271205560738,0.013374598696827888
54558720,0.6082507507364789,0.8272705693236053,0.007358524948358536
54657024,0.6185972606747236,0.8597029643932669,0.00893748365342617
54755328,0.8798179685753712,1.0878388079330785,0.012972261756658554
54853632,0.7101714118055679,0.9335703614840577,0.010678335092961788
54951936,0.7182184449071065,0.901711470099205,0.015777725726366043
55050240,0.6334763590141665,0.779708863920746,0.0117559265345335
55148544,0.7466596686607226,1.0073668091262205,0.014190023764967918
55246848,0.9807355924928561,1.3838468164789617,0.014700456522405148
55345152,1.0533609424252064,1.3634125037887863,0.019475925713777542
55443456,1.0804550731368363,1.2276876649059045,0.010867754928767681
55541760,1.0133915462438017,1.0757720200769567,0.01184899266809225
55640064,0.947081145059783,1.3097574990035596,0.010401444509625435
55738368,1.2927180050045717,1.473953406273073,0.01361484732478857
55836672,1.1057257847161963,1.3152579339943533,0.014926746487617493
55934976,1.336088539173361,1.4165578685714855,0.011842181906104088
56033280,1.0385866077110404,1.2996858586269895,0.013126476667821407
56131584,1.4407581764966018,1.6417607962824405,0.011085445061326027
56229888,1.4280081228917698,1.433139854243157,0.009004033170640469
56328192,1.397006628682284,1.499082582979113,0.017717696726322174
56426496,1.3798792446567676,1.4547412060796767,0.011804252862930298
56524800,1.5013488505315036,1.44448724643831,0.009707679972052574
56623104,1.6442618354037404,1.6503304958621736,0.01377992331981659
56721408,1.7815628687170102,1.778289779946327,0.008180426433682442
56819712,1.8117596826981752,1.800086122375584,0.015476763248443604
56918016,1.713740049514454,1.6671696887080838,0.013190547935664654
57016320,1.638394408132881,1.483215937518725,0.013216677121818066
57114624,1.8521007278095931,1.567583771550582,0.014193465933203697
57212928,1.4590761095797644,1.370156178170122,0.009103337302803993
57311232,1.6439457568340003,1.4785511623902858,0.012567289173603058
57409536,1.9032290265290066,1.7024103338450476,0.01145563181489706
57507840,1.952861671471037,1.6559871980650798,0.013653350993990898
57606144,1.763284547365074,1.479277500924606,0.009407995268702507
57704448,1.6249447423405945,1.3513835018473777,0.015634510666131973
57802752,1.6678675577044486,1.4253875952471697,0.009292496368288994
57901056,1.7262380900187417,1.5170794066829525,0.008163024671375751
57999360,1.7775400184746832,1.6094208826439769,0.0143317561596632
58097664,1.7755515935644508,1.328889849432646,0.013334120623767376
58195968,1.6585606014635415,1.254442837619338,0.0083584850654006
58294272,1.6906549690209796,1.357726464341553,0.007813410833477974
58392576,1.6351756654924248,1.5871805697140469,0.013551168143749237
58490880,1.9493679837405216,1.5307815977795514,0.01244999747723341
58589184,1.7902449408452958,1.3446395992483915,0.010870343074202538
58687488,1.7318916999129579,1.4330159136614207,0.010231922380626202
58785792,1.6999221361853416,1.481033968017739,0.013611502014100552
58884096,1.6135884043946862,1.5786552895464097,0.013423163443803787
58982400,1.5327245674747974,1.3611963374952372,0.019430631771683693
59080704,1.721330447010696,1.6263629618572542,0.012643985450267792
59179008,1.6966912983273505,1.4478878733734448,0.01568450778722763
59277312,1.9718558648973703,1.669336869162685,0.018616415560245514
59375616,1.7233048789016903,1.5737600742516655,0.015683747828006744
59473920,1.7017930530803278,1.4763192173347663,0.011163718067109585
59572224,1.780524360500276,1.5572585081281882,0.011861158534884453
59670528,2.0481954109482468,1.449142307090527,0.012205176055431366
59768832,1.8043961892463267,1.4291480881681682,0.013036385178565979
59867136,1.6393916013929992,1.4397934169038713,0.015119858086109161
59965440,1.8206440857052804,1.4017891839950432,0.011385776102542877
60063744,1.7244249522639439,1.4267683715976511,0.011304597370326519
60162048,1.678403188814409,1.5589660221901298,0.013376332819461823
60260352,1.7092429782170802,1.4557869828664607,0.019329391419887543
60358656,1.63691040716134,1.181285984964251,0.01166886743158102
60456960,1.8441863127727993,1.5329678646383513,0.008280772715806961
60555264,1.79859621420037,1.410823078005596,0.015834683552384377
60653568,1.7875456770509481,1.2213466240159043,0.009576802141964436
60751872,1.708266479317099,1.3295829071124103,0.010833291336894035
60850176,1.6431719219870866,1.3641257990611897,0.009722727350890636
60948480,1.9072405617125332,1.5613896770195175,0.010412387549877167
61046784,1.9330840824067126,1.3816965103078336,0.008880372159183025
61145088,1.530878653973341,1.2314901942788874,0.013233455829322338
61243392,1.7871202056854962,1.453305360485655,0.016663890331983566
61341696,1.714304570547538,1.6007141909827296,0.017324749380350113
61440000,1.7979617213830352,1.424334970849819,0.013159024529159069
61538304,1.7296482358127832,1.258584320259541,0.009106888435781002
61636608,1.7087864652462303,1.1892785447637035,0.008992185816168785
61734912,1.9054476957023143,1.4508821421497968,0.014841782860457897
61833216,1.876194334179163,1.4008835149355867,0.011372219771146774
61931520,1.7760660420171916,1.4439225819573864,0.011332836002111435
62029824,1.6867559816874564,1.3759273994798866,0.00922652892768383
62128128,1.696119494214654,1.2121774405248986,0.008030042052268982
62226432,1.79286978836637,1.3432939512683049,0.01265986543148756
62324736,1.6734445805847644,1.3769993591414564,0.014776928350329399
62423040,1.6425363106210715,1.3093233788142393,0.008221427910029888
62521344,1.4625675444025545,1.1363398325073486,0.013063634745776653
62619648,1.6698156508081592,1.236767618977266,0.013494640588760376
62717952,1.6301713280379773,1.1706311927126296,0.00960443913936615
62816256,1.6915650098770856,1.2649163578927711,0.010379443876445293
62914560,1.6662518732249736,1.313645665721776,0.013806812465190887
63012864,1.7330970276147126,1.1726156525700309,0.012829548679292202
63111168,1.5434490578965052,1.276425667808489,0.013559281826019287
63209472,1.7798105384595693,1.2677852396712843,0.011548983864486217
63307776,1.7701678299112245,1.3384068330763397,0.010151132941246033
63406080,1.7222623981675134,1.4651124022838715,0.00978434830904007
63504384,1.8227932754531502,1.312131081519891,0.01394501980394125
63602688,1.4836355254799127,1.1407390940652486,0.009482662193477154
63700992,1.6167143030278384,1.2871827452918134,0.010976575314998627
63799296,1.8016051973588765,1.4377791112086176,0.015519959852099419
63897600,1.3891010874137282,1.3920790175782287,0.010642378591001034
63995904,1.6123040874674917,1.2616096278735929,0.014210604131221771
64094208,1.4542222300637513,1.0768397393994282,0.012644516304135323
64192512,1.6941732919216157,1.2653469234190484,0.0113071259111166
64290816,1.6077581594139339,1.3803155514014505,0.008367260918021202
64389120,1.4697360683977605,1.1545248326153104,0.007676817011088133
64487424,1.4544197357818485,1.2564766289196123,0.0128792030736804
64585728,1.6593125963397324,1.26807000906966,0.00945997890084982
64684032,1.760791631937027,1.4609079930434328,0.013745566830039024
64782336,1.452362597808242,1.1389345855106083,0.011437438428401947
64880640,1.4121582342498005,1.1695656982363707,0.009765299037098885
64978944,1.519817551644519,1.2506020802681643,0.015971869230270386
65077248,1.610280992910266,1.3475424705927443,0.013300105929374695
65175552,1.3924842257692944,1.2368367203368422,0.012642277404665947
65273856,1.6914948862930759,1.5865703838812562,0.016519678756594658
65372160,1.4417979418486357,1.1696263386493206,0.010374044068157673
65470464,1.5949256476014853,1.3748842508602859,0.011545120738446712
65568768,1.4725036497879773,1.0715922377363958,0.013221098110079765
65667072,1.3652151003479958,1.0991356658676934,0.012995961122214794
65765376,1.613964718133211,1.297078334297792,0.017389709129929543
65863680,1.7518228695169091,1.4735550924530478,0.01762542501091957
65961984,1.5330436591804029,1.1452199684604747,0.015643274411559105
66060288,1.4526177730699419,1.2786748041528624,0.015365086495876312
66158592,1.7543452665954828,1.3019158706473233,0.014783244580030441
66256896,1.4105866592377425,1.1696095718777166,0.013246945105493069
66355200,1.5228422961384058,1.161295387365684,0.013622140511870384
66453504,1.4253707820293493,1.2045874261116543,0.013790990225970745
66551808,1.4941677387501113,1.1517151370197074,0.011375516653060913
66650112,1.5112302895262837,1.2876437514778323,0.012693794444203377
66748416,1.539489919692278,1.1228339601190467,0.015927311033010483
66846720,1.496396590238437,1.2785815906326323,0.0130899827927351
66945024,1.3509671821125084,1.2160884308171702,0.010504401288926601
67043328,1.3989976540394127,1.1978372393719556,0.013877633959054947
67141632,1.5933539006859063,1.4010658331353076,0.019976206123828888
67239936,1.5059286842495203,1.1848163840304557,0.015753615647554398
67338240,1.6998806774942203,1.2467618591716327,0.01718318462371826
67436544,1.6126871038647368,1.0972750239771838,0.01988578960299492
67534848,1.273521488243714,1.1030725757270656,0.01716509275138378
67633152,1.6357743014022708,1.315469834855967,0.01754915341734886
67731456,1.2908754349127411,1.1380755028896836,0.017953626811504364
67829760,1.882040145546198,1.3657986396858062,0.02169646881520748
67928064,1.4295884591992944,1.1866890285037566,0.016054540872573853
68026368,1.7250831110030413,1.2945836584052732,0.019621949642896652
68124672,1.518713740631938,1.1179678852870627,0.017840735614299774
68222976,1.4151890781521796,1.1022507169897422,0.015124338679015636
68321280,1.5153072400763632,1.220504457388661,0.017266854643821716
68419584,1.683975998070091,1.3745627419526558,0.021581225097179413
68517888,1.5936198797356338,1.277632538749055,0.019995935261249542
68616192,1.5277847312856465,1.3346447879437207,0.02153468132019043
68714496,1.391130998446606,1.2503549636512699,0.021232863888144493
68812800,1.480973974391818,1.1421484431699316,0.01924879103899002
68911104,1.701528047285974,1.2986818283580608,0.014937490224838257
69009408,1.5166230477392673,1.137894000227456,0.014961711131036282
69107712,1.7990594054013491,1.3603975743431276,0.021306630223989487
69206016,1.4451669040694832,1.1702672325643446,0.018477417528629303
69304320,1.8595214482303708,1.2798121099872066,0.025974884629249573
69402624,1.7553679463267327,1.4487569858072324,0.02105443924665451
69500928,1.629213450103998,1.1952046011307442,0.020227525383234024
69599232,1.7391668602451682,1.2489523591709377,0.019072897732257843
69697536,1.5580876135360449,1.4113686826134122,0.020119477063417435
69795840,1.585042868591845,1.1939028005679526,0.020414896309375763
69894144,1.785963496044278,1.453137222456429,0.022267229855060577
69992448,1.8640582629945128,1.5028170243306918,0.026431601494550705
70090752,1.8823599695623852,1.3114056432656604,0.023089831694960594
70189056,1.6757184687256812,1.3024067791910185,0.021631643176078796
70287360,1.7030888646095992,1.2252651993880448,0.021954333409667015
70385664,1.821020608153194,1.398390915233111,0.03448335826396942
70483968,1.8132472774758934,1.4390045318937599,0.02447131834924221
70582272,1.5405291131976993,1.3523278139525372,0.023574378341436386
70680576,1.9179962722212076,1.5210868427244115,0.027300840243697166
70778880,2.212372613847256,1.415444624007922,0.03420557454228401
70877184,1.8796860033273697,1.3470137575414127,0.022518277168273926
70975488,1.8216183951497078,1.295875798211519,0.022004669532179832
71073792,2.0531111510843036,1.480313324455573,0.026402782648801804
71172096,2.1461012445762755,1.5404543289655483,0.029491081833839417
71270400,1.9220058295875788,1.5282243397345074,0.026916038244962692
71368704,1.8171658781915903,1.440753767142382,0.03326382488012314
71467008,2.266209134217352,1.6296871243705504,0.03335662931203842
71565312,2.184134576693177,1.615480702062964,0.0331217497587204
71663616,2.0912087411433458,1.587378053095824,0.031237900257110596
71761920,2.0632615458220243,1.634534873166091,0.030747298151254654
71860224,2.043268726617098,1.3889055092272258,0.03783104568719864
71958528,2.1053367067873476,1.623520169637346,0.03362416848540306
72056832,2.308509970642626,1.8570787245030094,0.04010849446058273
72155136,2.241718903258443,1.6967396222505602,0.033562809228897095
72253440,2.4784562272578476,1.6770226803802961,0.03334300220012665
72351744,2.3565379195287823,1.593803613283237,0.031479086726903915
72450048,2.4467488986998798,2.017279281881533,0.05147126317024231
72548352,2.2196522115916015,1.7495237582120602,0.03144943341612816
72646656,2.7072191236913206,1.766218874013277,0.0462101511657238
72744960,2.481357965841889,1.8190482324592079,0.034574806690216064
72843264,2.7606512441672386,2.049652927947194,0.04533762484788895
72941568,2.2946696069091557,1.7223841173248324,0.0405382476747036
73039872,2.7251241375505924,1.9426863337169384,0.04143504425883293
73138176,2.789859118387103,1.982002321205328,0.044914793223142624
73236480,3.0906721486151216,2.0149598735547185,0.06265848875045776
73334784,3.0797058513015507,2.0388477467343313,0.0509323924779892
73433088,2.8229169161617755,1.9218767006718454,0.04821415990591049
73531392,3.20759082518518,2.184938784993572,0.05481274053454399
73629696,2.7449826123192906,1.8798109002289103,0.0452570877969265
73728000,3.344684354811907,2.193619596686063,0.057644110172986984
73826304,3.3365641732513907,2.141755448338083,0.06026081368327141
73924608,3.3296680569648744,2.173012569732969,0.06154060363769531
74022912,3.1556461465358736,1.9340590440867318,0.061299555003643036
74121216,3.15072912003845,2.1367029640314836,0.04988566040992737
74219520,3.844554540705867,2.297778532338203,0.0673239529132843
74317824,3.7773474325239658,2.4672740115504554,0.06739233434200287
74416128,3.54535365447402,2.3914658848675487,0.07202282547950745
74514432,4.014545011818409,2.1290316387674717,0.0642576664686203
74612736,3.3025091914087534,2.3875720232745645,0.048965632915496826
74711040,4.201475900001824,2.4218871772680175,0.0854339450597763
74809344,4.374893344789744,2.6409352435262234,0.09174107760190964
74907648,4.458851396963,2.43102549931573,0.07943791151046753
75005952,4.297114832252264,2.6071955021583277,0.08290519565343857
75104256,4.3782864885032176,2.8166663820816678,0.0850973129272461
75202560,4.457133381962776,2.692408995789729,0.09410065412521362
75300864,4.496639155596495,2.847580287986968,0.08660082519054413
75399168,4.3835751080513,2.7247660299142447,0.09350329637527466
75497472,5.301292533315718,2.709462650926484,0.1178707405924797
75595776,5.417629322707653,3.0360500317033217,0.10876820981502533
75694080,5.162047828212381,2.9462469896176553,0.09926225244998932
75792384,5.44115677319467,2.8797419658786794,0.11030392348766327
75890688,4.920274437963963,2.972479400121859,0.09892366826534271
75988992,5.307603033483028,2.943863705508549,0.11320658773183823
76087296,5.478551939874888,2.900371512798352,0.11611728370189667
76185600,5.877511011213064,3.0747157742614917,0.1274835765361786
76283904,6.001433117575943,3.135931360041533,0.13248023390769958
76382208,6.001148137152195,3.039461561331608,0.1296452134847641
76480512,6.286869446337223,3.222319520719669,0.14272285997867584
76578816,6.631557743996382,2.8399456062828174,0.1506340205669403
76677120,6.643891183137893,3.1037299113999905,0.13591386377811432
76775424,7.134262221455574,3.0421208285066186,0.16525480151176453
76873728,7.6912215831875805,2.6402840288219798,0.17648808658123016
76972032,7.40199472784996,2.9268808825783514,0.17171043157577515
77070336,8.004797458425164,2.690449795257807,0.18157850205898285
77168640,7.797435530424118,3.1134417954286135,0.16889280080795288
77266944,8.076646755337714,3.0204718218067783,0.2042432278394699
77365248,8.045249642133713,2.768267101595228,0.1754908263683319
77463552,8.410852053165435,2.802771320823835,0.20941424369812012
77561856,9.089799074977636,2.630731627116975,0.22317785024642944
77660160,8.973361445367336,2.7465713188826077,0.22066418826580048
77758464,8.904674521684647,2.462339103746309,0.21765784919261932
77856768,9.813358291387559,1.8444782276690186,0.2336147278547287
77955072,9.626464310213924,2.2755107212178105,0.23460233211517334
78053376,9.828928614854812,2.2762818119937096,0.23324893414974213
78151680,10.260628819465637,2.3442077600837603,0.2501309812068939
78249984,10.259274798631669,2.0904279075629795,0.24902436137199402
78348288,10.008946981802582,2.4064795282701397,0.25091537833213806
78446592,10.013584896326066,2.5515885680958816,0.25631678104400635
78544896,10.47324504852295,2.4718945015691487,0.26047563552856445
78643200,10.51750492811203,2.417235525572676,0.2696723937988281
78741504,11.11666997075081,2.3414573906541523,0.27933502197265625
78839808,11.036614520549774,2.1101748040055037,0.26893484592437744
78938112,11.312158002853394,1.9740173562512722,0.26563048362731934
79036416,10.93787965670228,2.5348786801826297,0.2771854102611542
79134720,11.34490240931511,2.5000103211419096,0.28315097093582153
79233024,11.599645128250122,2.231436800801191,0.28252339363098145
79331328,11.796800677776337,2.1681128614292153,0.2973121404647827
79429632,12.049060628414153,1.7282244815302663,0.3056357502937317
79527936,11.72600310564041,2.2738063719769426,0.29553353786468506
79626240,11.69873324394226,2.3005601241246043,0.294434517621994
79724544,12.096242685317993,1.9092954657655792,0.2998359501361847
79822848,12.205335631370545,2.2663364141886877,0.3119747042655945
79921152,12.372029168549926,2.866879432698495,0.31799888610839844
80019456,12.536971885859966,2.605236278884572,0.3006971478462219
80117760,12.356397461891174,2.1489601803362928,0.31185436248779297
80216064,12.553025200366974,2.6786201887565384,0.32115334272384644
80314368,12.487152619361877,2.4821316154668485,0.29780638217926025
80412672,12.705512615889312,2.897529007081814,0.3144329786300659
80510976,12.854339252114295,2.5629842126548983,0.3290014863014221
80609280,13.301778910160065,1.9995737146272936,0.33819150924682617
80707584,13.365001561641693,2.7502223472733967,0.34921956062316895
80805888,12.982026482522487,2.769764584380361,0.31849250197410583
80904192,13.483513414859772,2.1699967612645423,0.3468798100948334
81002496,13.240877676606178,2.781455842437944,0.342344731092453
81100800,13.916882014314178,2.5364320659562507,0.3581111431121826
81199104,14.1067280960083,1.3732205050486463,0.3600824773311615
81297408,13.713336417675018,2.0722074318712296,0.34803518652915955
81395712,13.89593549489975,2.148270267158485,0.361470103263855
81494016,14.020703067779541,1.869022680020755,0.3682499825954437
81592320,13.925139762312174,2.8692871985248187,0.3622562885284424
81690624,13.865627233982087,2.417527794298992,0.36034440994262695
81788928,13.963150993585586,2.5410573093081417,0.3620437979698181
81887232,14.367888898849488,2.093892472643464,0.3755154311656952
81985536,14.551084243357181,2.233638366892627,0.3840084969997406
82083840,14.671314640790223,2.5267172553700554,0.37314629554748535
82182144,14.448184847831726,1.73403767970632,0.37334007024765015
82280448,14.744506285190582,1.7116418376082216,0.38224682211875916
82378752,14.500209543704987,2.3670616234066464,0.3760775029659271
82477056,14.745977580547333,1.7280797041708678,0.3759377896785736
82575360,14.695491290092468,1.7468522370094552,0.3781363368034363
82673664,14.840878467559815,2.2520181819078764,0.3987623155117035
82771968,14.93230224132538,2.195465603203397,0.3900172710418701
82870272,14.821661596298219,1.407462382065934,0.3846927285194397
82968576,14.928530459403992,2.0825507605862095,0.39077073335647583
83066880,14.819942078590394,2.1863331062882425,0.39157769083976746
83165184,14.905124139785766,2.42140622015584,0.38961172103881836
83263488,14.885878961086274,2.3349447810274877,0.39474353194236755
83361792,15.1561949801445,2.4207200849426327,0.3963252305984497
83460096,14.783653960227966,2.9205592358501544,0.3938875198364258
83558400,14.956325221061707,1.997813515923132,0.38699549436569214
83656704,15.563900413513183,1.439648227986779,0.4058308005332947
83755008,15.357732448577881,1.7480963557668026,0.39605244994163513
83853312,15.52661229133606,1.7251914394899033,0.40285009145736694
83951616,14.895564505457878,2.7868063769065676,0.3830527067184448
84049920,15.681953423023224,1.9986502557766872,0.4214021563529968
84148224,15.26497462272644,2.3761501931247717,0.39564985036849976
84246528,15.615850310325623,2.129102125430175,0.4015744626522064
84344832,15.868367567062378,1.4074339541464795,0.4090578258037567
84443136,15.855639419555665,1.0930130922494736,0.41849440336227417
84541440,15.750427670478821,1.8132386381005765,0.40956756472587585
84639744,15.800274868011474,1.527565351932703,0.4155117869377136
84738048,15.643015732765198,2.4495803595525834,0.4134385585784912
84836352,15.26342465877533,2.9063634241478202,0.4093729853630066
84934656,15.878935947418213,1.9198318768619687,0.4185970723628998
85032960,15.908314614295959,2.02451446141121,0.42340296506881714
85131264,15.464132034480572,3.4424661844614115,0.40137624740600586
85229568,16.17204268217087,1.8165833972457206,0.42211073637008667
85327872,15.92399944782257,2.3000953461053975,0.4122864603996277
85426176,15.950167183876038,2.229695601743795,0.41818612813949585
85524480,15.785210075378417,2.2976727557982874,0.41515833139419556
85622784,15.861296498775483,2.684983593099576,0.4138730466365814
85721088,16.500900278091432,1.3927136995839073,0.4356648325920105
85819392,16.319691796302795,1.6529218866773872,0.42107343673706055
85917696,16.45398422241211,1.9223339343628396,0.4290911853313446
86016000,16.374087619781495,1.850780828051089,0.4235053062438965
86114304,16.49600226521492,2.4684047263734246,0.43647509813308716
86212608,16.59931281089783,1.2366955496317469,0.4349713921546936
86310912,16.825996980667114,1.4321803798056298,0.43758904933929443
86409216,16.435728335380553,1.962038771010579,0.42601364850997925
86507520,16.60320971608162,2.3961505964795897,0.43778568506240845
86605824,16.3450851726532,2.1830749432751944,0.43144118785858154
86704128,16.20406303882599,2.145751101591581,0.42863258719444275
86802432,16.594559214115144,2.0970544172582195,0.43425506353378296
86900736,16.582635593414306,1.7722413738776739,0.4357726573944092
86999040,16.698142926692963,2.0421014813888023,0.4338845908641815
87097344,16.50614736557007,2.2517313870775895,0.44266408681869507
87195648,16.563050837516784,2.7219989671957214,0.4442902207374573
87293952,16.605360162258147,2.0814227252478674,0.43393927812576294
87392256,16.8060404920578,2.0567591260429525,0.42551493644714355
87490560,16.599748253822327,2.781180425465258,0.4292040765285492
87588864,16.68731755256653,2.175146869544624,0.4306424856185913
87687168,16.37225616455078,2.6758738384191694,0.4289644658565521
87785472,16.777990570068358,1.5079870066871734,0.4399300813674927
87883776,16.465432751178742,2.5686942076581696,0.43229401111602783
87982080,16.859917867183686,2.3520784787668783,0.43856120109558105
88080384,16.806666116714478,2.1468490534520637,0.4501985013484955
88178688,16.7206096303463,3.2381671610363756,0.45263737440109253
88276992,17.135000197887422,1.9513482457238391,0.45185965299606323
88375296,16.510581543743612,3.2467570029128976,0.4316328465938568
88473600,17.04553129673004,1.9980727246437544,0.4483698606491089
88571904,17.18764857053757,2.185821348133069,0.45428451895713806
88670208,17.145789313316346,1.7300332479470149,0.4457314610481262
88768512,17.088742046356202,1.9617756122158125,0.44517749547958374
88866816,17.133791942596435,1.6779910209406286,0.4625905454158783
88965120,17.40067766904831,1.9052297195450703,0.4579690396785736
89063424,17.094582529067992,2.2435534485275497,0.44910377264022827
89161728,17.11314290046692,1.9779120346553387,0.45297738909721375
89260032,17.23929255247116,2.5041680737997534,0.44858163595199585
89358336,17.6986501789093,1.4776304403648888,0.4635199308395386
89456640,17.050633409023284,2.4948133676680797,0.4487531781196594
89554944,17.415558230876922,2.3995213619924387,0.4571303129196167
89653248,17.096578986644744,2.4671110945924903,0.4431086778640747
89751552,17.38184651851654,2.057429710417017,0.4616714119911194
89849856,17.569633293151856,1.3753895100814106,0.4580514430999756
89948160,17.618877897262575,1.6381370860644637,0.4613144099712372
90046464,17.525584006309508,1.9832763679989518,0.46058139204978943
90144768,17.349140701293944,1.8974338442658332,0.4531528353691101
90243072,17.577065358161928,2.197649594882174,0.4663071632385254
90341376,17.18798945903778,2.1638686435645416,0.4452779293060303
90439680,17.56484426498413,1.5221389644350698,0.4615764021873474
90537984,17.55193853378296,1.4547371113877654,0.46432650089263916
90636288,16.95801117271185,2.8620414470468725,0.4483810365200043
90734592,17.29593496322632,2.3194741124350022,0.45572277903556824
90832896,17.127801167964936,2.6785207232240764,0.4477803707122803
90931200,17.411004190444945,2.1091845524380832,0.4497820734977722
91029504,17.539453201293945,2.0262332639102563,0.4581042230129242
91127808,17.124533512592315,2.524630497049677,0.45390963554382324
91226112,16.840137345790865,3.2038407942970344,0.4604409635066986
91324416,17.464120774269105,2.513518234967492,0.466744989156723
91422720,17.36043340921402,2.531375955659142,0.4488182067871094
91521024,17.34830774784088,2.601704396294793,0.4531955122947693
91619328,17.29685769081116,2.40500598499072,0.4564778804779053
91717632,17.71600025653839,1.8330598411742856,0.46770697832107544
91815936,17.80159215927124,1.1232658906113406,0.4640580117702484
91914240,17.499390177726745,2.1599989113521025,0.4598321318626404
92012544,17.612590804100037,2.2421095339744395,0.4648681581020355
92110848,17.794351110458376,1.3742466326350447,0.47419318556785583
92209152,17.831821856498717,1.8334407115471425,0.4733230769634247
92307456,17.947259521484376,1.742918253887856,0.46899160742759705
92405760,17.443192829191684,2.796496931047258,0.4627397060394287
92504064,17.806026389170437,2.649023433721209,0.47244569659233093
92602368,17.862598133087157,1.1458643885861788,0.47805747389793396
92700672,17.77703646659851,1.9741878161168926,0.4742160439491272
92798976,17.927535805106164,2.106712835885737,0.46914786100387573
92897280,18.03526691913605,2.1906483598060698,0.4805721938610077
92995584,17.77916246891022,2.090469593988344,0.4726655185222626
93093888,17.469714345932008,2.494454479481704,0.47470635175704956
93192192,18.054611294269563,1.923773524670807,0.47279882431030273
93290496,18.191168031692506,1.3531573053523789,0.4755788743495941
93388800,17.69203813791275,2.1092171657054664,0.4763471782207489
93487104,17.75100897073746,2.6472888235671586,0.4818689227104187
93585408,17.913210759162904,2.259231558050835,0.48543581366539
93683712,17.847566628456114,2.1230396644577096,0.47405752539634705
93782016,17.90048568248749,2.1529542210628385,0.47681254148483276
93880320,17.96051640987396,2.237038224716541,0.4828307628631592
93978624,18.183929796218873,1.3825070594507294,0.48558300733566284
94076928,18.004684057235718,2.0048829628292153,0.48226451873779297
94175232,17.962928581237794,2.1593108618814725,0.4712204933166504
94273536,18.164216639995576,2.274970257161303,0.48416489362716675
94371840,18.055447850227356,1.9912061194256407,0.4843660295009613
94470144,17.955724515914916,1.911469188627028,0.4855843484401703
94568448,18.019450809955597,2.322897261802918,0.4802822768688202
94666752,18.43345859527588,1.2353621236846513,0.49369972944259644
94765056,17.860040292739868,2.584994637929543,0.4902375340461731
94863360,17.835966563522817,2.836989220070896,0.4770938754081726
94961664,17.8991082239151,1.8869215414999825,0.4784056842327118
95059968,18.0657629173249,2.56464570098874,0.48591887950897217
95158272,18.031905450820922,1.9481797217795405,0.4811668395996094
95256576,18.163673710525035,2.5257088112981028,0.48402005434036255
95354880,18.50825204849243,1.2542057738393997,0.49805113673210144
95453184,18.35551926612854,2.2281165063389414,0.4965512752532959
95551488,18.400385961532592,1.5992383795370932,0.4851125180721283
95649792,18.41628271102905,1.3146017621007764,0.4904205799102783
95748096,18.30508996486664,2.493304269492296,0.4909627437591553
95846400,18.663346462249756,1.1088568659048714,0.4930371642112732
95944704,18.098105182647704,1.2871287047585254,0.4853554666042328
96043008,18.256333377361297,1.854623884697578,0.4823644161224365
96141312,18.574245443344115,1.5781299428372415,0.4937625825405121
96239616,18.349067718982695,1.9780417304060336,0.4945925176143646
96337920,18.632954003810884,1.92522687422828,0.5041165351867676
96436224,18.146611750125885,2.6897662343236903,0.4884505271911621
96534528,18.005976886749266,2.2939229260855574,0.48183292150497437
96632832,18.383294525146486,1.8737900858023546,0.4924350678920746
96731136,17.861288361549377,2.857952509938906,0.4693102240562439
96829440,18.234063982963562,2.004490084360696,0.4915423095226288
96927744,18.462622961997987,2.124300548322573,0.4950827956199646
97026048,18.57453609466553,1.3762565963691398,0.4937684237957001
97124352,18.458442091941833,1.9753736776418103,0.49814480543136597
97222656,18.53028995513916,1.829689801682325,0.4957796037197113
97320960,18.829898090362548,1.1174658183986133,0.5063943266868591
97419264,18.85890926361084,1.1336740498191618,0.5075476169586182
97517568,18.63060267448425,1.280978239006713,0.4987891614437103
97615872,18.450578694343566,2.2457632071625326,0.5018255710601807
97714176,18.410219807624816,1.7228175187975172,0.5007229447364807
97812480,18.580462207794188,1.5551249272752539,0.49880728125572205
97910784,18.265635943412782,2.08236677863706,0.49051326513290405
98009088,18.76949558496475,2.032471340421429,0.5030907392501831
98107392,18.4939857339859,2.329609771225685,0.5034374594688416
98205696,18.34775894641876,2.576552896335662,0.5064051151275635
98304000,18.388459751307963,2.6693382735284827,0.4952697157859802
98402304,18.802531127929687,1.588587943157238,0.5100299715995789
98500608,18.438610396385194,2.0273983153921993,0.49220606684684753
98598912,18.56503232002258,1.6039059928910242,0.5108770728111267
98697216,18.62772419452667,1.9797136873693606,0.511235237121582
98795520,18.841407699584963,1.3865503631018221,0.5060577392578125
98893824,18.285490980148314,2.4885836364639404,0.503571093082428
98992128,18.496428468227386,1.930750562708192,0.498898983001709
99090432,18.562104110717772,1.7716890333558697,0.5122440457344055
99188736,18.338558735847474,2.3109812791924207,0.4933997094631195
99287040,18.5131107878685,2.6375753467705003,0.5053486227989197
99385344,18.873693561553956,1.5006468459671685,0.5135706067085266
99483648,18.74186231136322,1.8083205968605176,0.5038514137268066
99581952,18.89182988166809,1.5204076269928988,0.5110026597976685
99680256,18.805230293273926,1.6515556710105734,0.5146450400352478
99778560,18.558393831253053,2.1713297142722303,0.4883812665939331
99876864,18.492338037490846,2.3043050369946734,0.5026275515556335
99975168,18.665876817703246,1.579530491367394,0.5087100863456726
100073472,18.573908717632293,2.6777515289225087,0.5043962597846985
100171776,18.802803230285644,1.4138070346608587,0.5068739652633667
100270080,18.55619555950165,2.4322505799494487,0.5081883072853088
100368384,18.69387321472168,2.0858528037325454,0.5159361958503723
100466688,19.02600296974182,1.2266799720196464,0.5190623998641968
100564992,18.8927659702301,1.2605151915516608,0.5154326558113098
100663296,18.675724458694457,2.2949411775712174,0.49655306339263916
100761600,18.772249307632446,1.961823180697223,0.5141168236732483
100859904,18.612324523925782,2.282999040627011,0.5093790292739868
100958208,18.814584922790527,0.983248861772158,0.5113550424575806
101056512,18.772089791297912,1.992871168857597,0.5133321285247803
101154816,18.86240689277649,1.3964628167026447,0.5162990689277649
101253120,18.64095150947571,1.997900188629196,0.506044864654541
101351424,19.208684787750244,1.0940279720947783,0.5169200897216797
101449728,19.097516841888428,1.1309973039231345,0.5145487189292908
101548032,19.33317862510681,1.3243748617870377,0.5227617025375366
101646336,18.91951873779297,1.4863568720665323,0.5171160697937012
101744640,18.639965081214903,2.0357865737367202,0.5029460787773132
101842944,18.17640299320221,3.2838432453463517,0.4978594481945038
101941248,18.565208356380463,3.0645961258169296,0.5084746479988098
102039552,18.762234082221983,2.303160484744297,0.5150620937347412
102137856,19.05605291366577,1.6418664296969157,0.5188730955123901
102236160,18.862684791088103,2.1932955542825816,0.5153555870056152
102334464,18.99463896751404,1.6564339114163962,0.5100774168968201
102432768,19.17206190109253,1.1321362584320953,0.5218429565429688
102531072,19.151887502670288,1.704658714533897,0.5153156518936157
102629376,19.13352530479431,1.4092406343333495,0.5173691511154175
102727680,19.02435655593872,1.6476635320821285,0.5225884914398193
102825984,19.1018971157074,1.5813832732916395,0.523733913898468
102924288,19.036677136421204,1.6987567326013724,0.507323682308197
103022592,18.88490789413452,2.081069894258885,0.5069715976715088
103120896,18.79431935310364,2.0787592588031556,0.5139732360839844
103219200,19.115704698562624,2.277478413475721,0.5252511501312256
103317504,19.160150470733644,1.739656506458172,0.5238012075424194
103415808,18.845428681373598,1.982882155186007,0.5130479335784912
103514112,19.036406536102294,1.2715285581581035,0.518561601638794
103612416,19.01014410018921,2.2214271173994393,0.5142619609832764
103710720,19.120368585586547,1.2256285129559479,0.511806845664978
103809024,19.22498098373413,1.0558743372140644,0.5207651257514954
103907328,19.194500732421876,1.1299106056744743,0.5209802985191345
104005632,19.06144781589508,2.1137594214769297,0.5167741775512695
104103936,19.291127405166627,1.4399170935290015,0.5269402861595154
104202240,19.17366502761841,1.3229611880253367,0.5288868546485901
104300544,19.349811911582947,1.5697148974762876,0.526340901851654
104398848,19.481816425323487,1.1965525250488847,0.5279282331466675
104497152,19.201214673295617,2.274134682629246,0.5208738446235657
104595456,19.332056756019593,1.5713335896537883,0.5244079232215881
104693760,19.326041955947876,1.23432480527082,0.5230679512023926
104792064,19.51623327255249,1.127270829912129,0.523444652557373
104890368,19.291034364700316,1.2311256088258073,0.5205592513084412
104988672,18.881599597930908,2.7865481793312816,0.5199117660522461
105086976,19.33393922805786,1.271282272655202,0.5186177492141724
105185280,19.644950962066652,1.0776493950175081,0.5249205827713013
105283584,19.483570747375488,1.0825655019893623,0.5299052596092224
105381888,19.497938957214355,0.9657778073057115,0.5247155427932739
105480192,19.45282253265381,1.0826921985631897,0.525336503982544
105578496,19.39612283706665,1.6327029912813456,0.5239174365997314
105676800,19.58375120162964,1.4029374034403026,0.5328454375267029
105775104,19.57485739707947,1.0714935170788786,0.5332494974136353
105873408,19.594218530654906,1.1701026626159958,0.5267972946166992
105971712,19.23301789134741,2.6466634564583806,0.5215548872947693
106070016,19.416805934906005,1.1831274669501353,0.5216423869132996
106168320,19.07179490685463,2.812634729582776,0.5197147727012634
106266624,19.51049249649048,1.3568077788701474,0.5314329862594604
106364928,19.505673065185547,1.1319006327970131,0.526648223400116
106463232,19.246148929595947,1.9774268767555658,0.5238007307052612
106561536,19.528309764862062,1.4066679457193765,0.5316635370254517
106659840,19.648931484222413,1.003135045405439,0.5333125591278076
106758144,19.204020345211028,2.000288307866887,0.5161571502685547
106856448,19.456509218215942,1.540492796725765,0.533434271812439
106954752,19.285295860767363,1.9497413050429753,0.5264049172401428
107053056,19.456627407073974,1.1822782581941544,0.5308323502540588
107151360,19.299250931739806,1.8235861703932714,0.5214262008666992
107249664,19.05549916744232,2.1151667629123945,0.5159727931022644
107347968,19.372471699714662,2.0284854790374216,0.5297559499740601
107446272,19.74659252166748,1.1043278917070432,0.5373234152793884
107544576,19.36349720954895,1.3405475372764166,0.5342327356338501
107642880,18.8952712392807,2.7968702864933195,0.5263193845748901
107741184,19.324751415252685,1.7642376772083845,0.5272186398506165
107839488,19.262386298179628,1.805710063394443,0.5199993848800659
107937792,19.21986330509186,2.083060855561153,0.5234150886535645
108036096,19.527890434265135,1.0395306583879067,0.5257391929626465
108134400,19.385017585754394,2.1148929501614924,0.5301353931427002
108232704,19.507399368286134,1.1712050983198496,0.5317978858947754
108331008,19.60788356781006,1.1023358697446524,0.5329708456993103
108429312,19.6180633354187,0.9528752035809519,0.5316582918167114
108527616,19.432057247161865,1.0386088842383048,0.538059413433075
108625920,19.35956739425659,1.9325454601162417,0.5278798937797546
108724224,19.67708420753479,1.2033842335598042,0.5390353202819824
108822528,19.224091963768004,1.9953842837318057,0.5296885967254639
108920832,19.735461053848265,1.0773909496332879,0.5367084741592407
109019136,19.683733739852904,2.0811895146565345,0.5444562435150146
109117440,19.430082902908325,1.282415345631787,0.5337284803390503
109215744,19.797538661956786,1.009966553769128,0.5432516932487488
109314048,19.620370626449585,1.6429679156775474,0.5392273664474487
109412352,19.53953809738159,1.0856414573095197,0.5389556884765625
109510656,19.76985538482666,0.9719367403527885,0.5416113138198853
109608960,19.61810416698456,1.815503030711189,0.5373990535736084
109707264,19.470941319465638,2.0796579086408897,0.5372487306594849
109805568,19.63424356460571,1.0011533360146467,0.5411093831062317
109903872,19.646855189800263,2.016106990401987,0.5483199954032898
110002176,19.581538572311402,1.494794651459366,0.5340585708618164
110100480,19.551419620513915,1.603689499270724,0.5390292406082153
110198784,19.437922220230103,1.9535334783193623,0.5314912796020508
110297088,19.665562057495116,1.2979651468790379,0.5510638356208801
110395392,19.39219907283783,1.9531216306293855,0.5374664664268494
110493696,19.59338678448694,2.561287463875524,0.5447120070457458
110592000,19.37253910422325,2.300425333486755,0.5463680624961853
110690304,19.617012643814085,1.5825738666818474,0.540575385093689
110788608,19.53061107635498,1.8376417736864201,0.5357843637466431
110886912,19.67883274078369,1.0797539274962018,0.5443227291107178
110985216,19.59654832839966,1.3264819712261333,0.5434204936027527
111083520,19.578591194152832,1.027025039531718,0.5347511768341064
111181824,19.56453462600708,1.0801493076826008,0.5369707942008972
111280128,19.510093936920168,1.4354006971871403,0.539405882358551
111378432,19.39106803894043,1.9324414079736767,0.5315343141555786
111476736,19.23751482322812,2.5844369881730964,0.5254260301589966
111575040,19.34280022457242,2.626408738424766,0.5367444753646851
111673344,19.61711359024048,1.405552482590186,0.5403549075126648
111771648,19.753840045928953,1.0497632419934582,0.5427587032318115
111869952,19.53758548259735,2.1142198736518147,0.5371038317680359
111968256,19.619335231781005,1.3763949421521333,0.5358421802520752
112066560,19.152867941856385,2.265390513319548,0.5209389925003052
112164864,19.7475128364563,1.421662570717905,0.5449263453483582
112263168,19.791787643432617,1.087428689006142,0.5398935079574585
112361472,19.815778219699858,1.8480567519167983,0.5429654121398926
112459776,19.73204521179199,1.1471177655640106,0.5312947034835815
112558080,19.782512025833128,1.284731226295858,0.5388703942298889
112656384,19.4318657197617,2.718951151067192,0.5318789482116699
112754688,19.439555418491363,2.831788499598918,0.535454273223877
112852992,19.734411606788637,1.9260127775014524,0.5396995544433594
112951296,19.430827455520628,2.45168741336137,0.531113862991333
113049600,19.893162460327147,1.0002293526469506,0.5448799729347229
113147904,19.820356788635255,1.1350004978763628,0.5380858182907104
113246208,19.862463722229005,1.1075596369954348,0.5443307757377625
113344512,19.769587478637696,1.8057670944996624,0.5443885326385498
113442816,19.956317481994628,1.198851477972484,0.5428676605224609
113541120,20.06795684337616,1.684858996361067,0.5449663996696472
113639424,19.760976285934447,2.339036212819834,0.5417916774749756
113737728,19.312087178630755,3.1975942121934646,0.5341029167175293
113836032,19.651002597808837,1.7986563655310648,0.541727602481842
113934336,19.695179090499877,1.8562200606443047,0.5431790351867676
114032640,19.529984707832337,2.2313311151396795,0.5391626358032227
114130944,19.771946258544922,1.6834002322012167,0.5407577753067017
114229248,19.760658736228944,2.4342152997621245,0.5416775941848755
114327552,19.495644466876982,2.237459688434357,0.5363380908966064
114425856,19.856580009460448,1.63992515031505,0.5449560284614563
114524160,19.643220776468514,2.2280016204107156,0.538060188293457
114622464,20.04526023864746,1.1171145111116516,0.5500070452690125
114720768,19.988417205810546,1.0724049568090572,0.5501185655593872
114819072,19.88346278190613,1.585479455045673,0.5440974235534668
114917376,19.613964529037474,2.561751618109596,0.5377589464187622
115015680,19.567327049970626,3.1544471282973987,0.5351706147193909
115113984,19.85093482017517,1.2503251799452941,0.5443348288536072
115212288,19.891240653991698,1.851312818448244,0.5463597774505615
115310592,20.041023559570313,1.0453836423186167,0.5478490591049194
115408896,19.318863798081875,3.1589245155461954,0.5202905535697937
115507200,19.926655178070067,2.308237369785877,0.5475232601165771
115605504,19.827691118717194,1.877520157230812,0.5425213575363159
115703808,19.764652564525605,1.9754934547894125,0.5391126275062561
115802112,19.530575425438585,2.6110661479715067,0.5403231978416443
115900416,19.76636594772339,1.680794269005391,0.5451573133468628
115998720,19.537347809635104,2.7648722038930833,0.5379802584648132
116097024,19.882960334420204,2.2177997301076395,0.5450140237808228
116195328,19.966294107437133,1.2855682598209992,0.5483157634735107
116293632,20.126053504943847,1.0851074754314853,0.5500783324241638
116391936,19.949608159065246,2.010971621492901,0.5388243198394775
116490240,20.265868263244627,1.1708837921423878,0.5520162582397461
116588544,20.027164459228516,1.0805357045462431,0.539231538772583
116686848,20.00760835647583,1.120255537703764,0.5374915599822998
116785152,19.930152578353884,1.4159569309236788,0.5432804226875305
116883456,20.081707134246827,1.390357524202535,0.5462952256202698
116981760,19.805678622722624,2.0096666475674807,0.5404103994369507
117080064,19.997267684936524,1.0588567475916468,0.5402728319168091
117178368,20.19056566238403,0.9166885188869057,0.5505692362785339
117276672,20.14811993598938,1.1524479834778993,0.5537113547325134
117374976,19.9733984375,1.4790870277038206,0.5459942817687988
117473280,20.125535621643067,1.108077339699845,0.5450540781021118
117571584,20.077717199325562,1.1015786303733546,0.5426579713821411
117669888,19.70387128829956,2.469443914931702,0.5362679958343506
117768192,20.181307640075683,1.3970290748213463,0.5477545261383057
117866496,20.249199151992798,1.2100184548184638,0.5540066361427307
117964800,20.360877227783202,0.9827002413994047,0.5546013116836548
118063104,20.247639214992525,2.011254150747399,0.5560522079467773
118161408,19.776514881849288,2.3620204784362593,0.538851261138916
118259712,20.077915115356447,1.1045705749568109,0.5426778793334961
118358016,20.027634744644164,2.139403047091819,0.5436024069786072
118456320,20.169654779434204,1.3599020371789814,0.5547354221343994
118554624,20.16310070037842,1.0671396894368035,0.5527453422546387
118652928,20.337918834686278,1.0313394988711597,0.5558165907859802
118751232,20.326588382720946,1.0091909815577877,0.5608847141265869
118849536,20.20752453804016,1.2558452730009688,0.5512963533401489
118947840,20.406946506500244,0.922026008063679,0.5628441572189331
119046144,20.2531854057312,0.9053330270523381,0.5534526109695435
119144448,20.192316389083864,1.1371735980821052,0.5461680889129639
119242752,20.06605115890503,1.9105673474068212,0.5530681014060974
119341056,20.434835596084596,1.072690025831723,0.5601553320884705
119439360,20.49593854904175,1.1588923811186866,0.5593875646591187
119537664,20.378755493164064,0.986514453494382,0.55967777967453
119635968,20.069843039512634,2.035710758740619,0.5517359972000122
119734272,20.092589721679687,1.5378803221827815,0.5504404902458191
119832576,20.300642108917238,1.720589220532678,0.557647168636322
119930880,20.210672583580017,1.743746530914145,0.5564934015274048
120029184,20.180651125907897,1.9989085215530409,0.5517284870147705
120127488,20.206986231803896,1.5404747824993734,0.559686005115509
120225792,20.154666600227355,1.8572469609671238,0.5594779253005981
120324096,20.174952449798585,1.2878229715713083,0.5519726276397705
120422400,20.549946308135986,1.1269436075701957,0.5654370188713074
120520704,20.497982921600343,0.9755321033683697,0.5652594566345215
120619008,19.985475006103517,2.807572485359464,0.5414682626724243
120717312,20.265229206085206,1.3937546054461951,0.5536093711853027
120815616,20.21059268951416,1.9237623247463869,0.5602829456329346
120913920,20.450060200691222,1.66266771840161,0.5657171010971069
121012224,20.504784455299376,1.6288523654036942,0.5740623474121094
121110528,20.633566627502443,0.9668021995659766,0.5660275220870972
121208832,20.56031063079834,0.8889398686483696,0.5621660947799683
121307136,20.431287755966185,1.3638414672759842,0.5615143775939941
121405440,20.366286010742186,1.1007383216752404,0.5621488094329834
121503744,19.873258461952208,2.4723601207041788,0.5434859991073608
121602048,20.27531087875366,1.7006914106553424,0.5562301874160767
121700352,20.23695041656494,1.8962134248883447,0.5642120242118835
121798656,20.188397521972657,2.2346025633088016,0.557858407497406
121896960,20.441026554107665,1.3175442816878484,0.5604605078697205
121995264,20.405345134735107,1.3004659928372895,0.5623316168785095
122093568,20.26582727432251,1.0903391026023908,0.5589948892593384
122191872,20.283702239990234,1.4642556732726522,0.5629363656044006
122290176,20.118493039608,1.97724939645162,0.5580012798309326
122388480,20.34593982696533,1.3361199477908994,0.5634440183639526
122486784,20.40569462776184,1.1759266403058786,0.5594831109046936
122585088,20.393079192638396,2.0269601692178676,0.5642015337944031
122683392,20.656439628601074,0.9398842611832481,0.5700137615203857
122781696,20.689996337890626,1.0935177126318023,0.573211669921875
122880000,20.494952230453492,1.1335414306967282,0.5661270618438721
122978304,20.36876313686371,2.1526191370448924,0.5648461580276489
123076608,20.254889014102517,3.026191898421633,0.5614563226699829
123174912,20.48449636697769,2.0516061001412487,0.567110002040863
123273216,20.435746421813963,0.9018163252900013,0.5670554041862488
123371520,20.385694663524628,2.3439927334756376,0.5645513534545898
123469824,20.594349536895752,1.006011744040694,0.5641481876373291
123568128,20.649217662811278,0.9287323483616347,0.566773533821106
123666432,20.634872131347656,1.0209188781473861,0.570510983467102
123764736,20.48311128616333,1.2621501973208782,0.5666123032569885
123863040,20.478363637924193,1.0881465820077871,0.5671523809432983
123961344,20.328154135867955,2.315530292427127,0.562143862247467
124059648,20.70311330795288,1.0667012265228097,0.5705429911613464
124157952,20.614210929870605,1.037335924090735,0.566856861114502
124256256,20.677300910949707,1.03010062448638,0.56655353307724
124354560,20.66831174850464,1.137631964472025,0.571877658367157
124452864,20.098546085357665,2.987538486991772,0.5357694625854492
124551168,20.68527599334717,1.016176401744164,0.5709707736968994
124649472,20.239578113555908,2.361292918455498,0.5574302673339844
124747776,20.609586157798766,1.9222641202406394,0.5742846727371216
124846080,20.832621726989746,1.1520914230075685,0.5715886354446411
124944384,20.706126499176026,1.0257566677972703,0.5719097852706909
125042688,20.50528625488281,1.5584216174902625,0.562394917011261
125140992,20.493833937644958,1.754279280079503,0.5751434564590454
125239296,20.88663599014282,1.0523887800050116,0.5738974809646606
125337600,20.739876976013182,1.3166092829563079,0.5741549730300903
125435904,20.820974369049072,0.9682512426422099,0.5745455622673035
125534208,20.80713388442993,1.5180486111391178,0.5717588663101196
125632512,20.75082160949707,1.045768255750178,0.5686218738555908
125730816,20.820391540527343,1.0429302781896075,0.5709940195083618
125829120,20.779302177429198,1.0398326307709802,0.5679794549942017
125927424,20.827090072631837,1.4252544125725448,0.5795649290084839
126025728,20.576809530258178,1.7406421745810972,0.5740122199058533
126124032,20.815838203430175,1.0287862176945985,0.5793749690055847
126222336,20.549259984493254,2.015811778068201,0.571799635887146
126320640,20.805333271026612,1.0284506780712894,0.5746018886566162
126418944,20.831741790771485,1.0698170801309457,0.5766341090202332
126517248,20.79337469100952,0.9789722699045207,0.5762652158737183
126615552,20.65569778442383,1.0667754202467634,0.5673685073852539
126713856,20.855258064270018,1.2372149692423393,0.5724971890449524
126812160,20.63087848097086,2.3181043799657473,0.5669751167297363
126910464,20.755214748382567,1.1372558838121667,0.5708836913108826
127008768,20.940578842163085,1.1575001304651102,0.5814704895019531
127107072,20.92806365966797,1.0143178437004832,0.5760930776596069
127205376,20.821239395141603,0.9320867806620766,0.5776269435882568
127303680,20.912536964416503,1.0912848417330028,0.5738796591758728
127401984,20.881593551635742,1.0286711235045933,0.5798099040985107
127500288,20.92179672241211,0.9536810971933734,0.5752860307693481
127598592,20.89229511260986,1.0111477581438157,0.5703810453414917
127696896,20.794844608306885,1.0114168987754342,0.5691809058189392
127795200,20.93712972640991,1.0363145198300778,0.5793645977973938
127893504,20.952170524597168,0.9770129271020592,0.5730543732643127
127991808,20.452756534069778,2.7502121628525966,0.5635064840316772
128090112,20.710091106891632,2.070804640969339,0.5736225247383118
128188416,21.03416576385498,1.1438576759948715,0.580529510974884
128286720,20.868315010070802,1.1401139629403456,0.5718638896942139
128385024,20.961037464141846,1.0056982732101127,0.5765092968940735
128483328,20.770020389556883,1.5425293782177003,0.5638533234596252
128581632,20.88353889465332,1.0418297332336326,0.5788426399230957
128679936,20.968795547485353,1.0930245819245532,0.5759656429290771
128778240,20.82873565673828,0.8517063673177057,0.5798971652984619
128876544,20.854345417022706,0.9594832033558827,0.5749368667602539
128974848,20.687108488082885,2.099566303252669,0.5712218880653381
129073152,21.0114510345459,0.8745955064275026,0.5824021100997925
129171456,20.874061484336853,1.8053652097366222,0.5739127993583679
129269760,20.810072100162508,2.006377813236632,0.5689576268196106
129368064,20.790509986877442,1.0526391535489732,0.5748113393783569
129466368,20.906639175415037,0.958214786962247,0.577324390411377
129564672,21.01993881225586,0.9491041056162385,0.5759189128875732
129662976,20.698174276351928,1.5768677858431384,0.5696675777435303
129761280,20.950988159179687,1.0873771652039332,0.5784674286842346
129859584,21.093988990783693,1.1597435220013157,0.579853355884552
129957888,21.03435426712036,1.0818173612299722,0.5824856758117676
130056192,20.913456153869628,1.0615452373610181,0.5741193890571594
130154496,21.027387027740478,0.9695685829066492,0.5858534574508667
130252800,20.83211275100708,1.0432289670864903,0.5784133672714233
130351104,20.860970077514647,1.3006239306268241,0.5762878060340881
130449408,20.70498774319887,2.462763297598359,0.5802441835403442
130547712,20.367026546299456,2.8624044519643244,0.5744960308074951
130646016,20.85661148071289,1.934109353854435,0.5778796672821045
130744320,21.032259387969972,1.0033490264032587,0.5848302245140076
130842624,21.069731464385985,1.0236549321454975,0.5827072262763977
130940928,20.67878627378959,2.909198127295658,0.5753904581069946
131039232,20.801190848350526,1.879083476070546,0.5770255923271179
131137536,20.866253161430357,2.2409422361571,0.5812717080116272
131235840,21.14803810119629,0.8511810387764388,0.5839023590087891
131334144,20.751409966945648,2.3021666388891164,0.573235809803009
131432448,21.00104627609253,0.9709842047844183,0.5821686387062073
131530752,21.17496488571167,0.9744322030460666,0.5888689756393433
131629056,21.113749542236327,0.974992766062135,0.5832300186157227
131727360,21.025815620422364,0.9657921677706004,0.5855337381362915
131825664,20.688436613082885,1.6635974631211907,0.5769224166870117
131923968,20.863159471750258,2.262510898484346,0.5763605237007141
132022272,20.935022716522216,1.659794836755187,0.579034686088562
132120576,20.90631819486618,2.1900560788182117,0.5868284106254578
132218880,21.2785901260376,1.034924737817736,0.5875301361083984
132317184,21.063198299407958,0.8775969492723396,0.5779128074645996
132415488,21.044479999542236,0.988935927562973,0.5856614112854004
132513792,21.11692449569702,1.0716257719357185,0.5852304697036743
132612096,21.09550458908081,1.0473047306265089,0.5747919082641602
132710400,21.14566324234009,0.9253483513283078,0.5792412757873535
132808704,20.95999319076538,1.4436904996562465,0.5815671682357788
132907008,20.92576896190643,1.8264594884306407,0.590201735496521
133005312,20.943996257781983,0.8918696641779099,0.5779895186424255
133103616,21.167864952087402,1.0675274834286368,0.5887236595153809
133201920,21.07801519393921,0.9508774244575211,0.588620662689209
133300224,21.15888599395752,1.0390337858367409,0.5877492427825928
133398528,20.984798650741578,1.3691639054359326,0.5893368721008301
133496832,21.07395728111267,1.1500063211440277,0.5860257148742676
133595136,21.199873561859132,1.0377359906453796,0.5875842571258545
133693440,21.07202091217041,1.0109685399528558,0.586026132106781
133791744,20.76024383544922,2.317453109287532,0.573570191860199
133890048,21.181781997680662,0.9427579007621498,0.5907728672027588
133988352,21.088903703689574,1.2989610344623368,0.5830106735229492
134086656,21.004570715269075,2.3502945586383466,0.5808167457580566
134184960,21.168845310211182,1.0333108489861642,0.5891152620315552
134283264,20.936465916633605,2.2338844951051207,0.5797020196914673
134381568,21.055075092315676,1.027266526374146,0.5825965404510498
134479872,21.096162509918212,1.0698870276866776,0.5893559455871582
134578176,20.996726436614992,1.1469010993559943,0.5875180959701538
134676480,20.992983131408693,2.336201190687525,0.5614087581634521
134774784,21.160869274139404,0.9826777525550147,0.5843655467033386
134873088,21.11655632019043,0.9773820836245369,0.5819053649902344
134971392,21.086063804626466,0.884319620725322,0.5846929550170898
135069696,20.943184807300568,2.0351832355223576,0.5873101949691772
135168000,21.175722351074217,1.5060673459723144,0.5876274704933167
135266304,21.095561609268188,1.2615663476099042,0.5919421911239624
135364608,21.049133014678954,0.9326289497255962,0.5839536190032959
135462912,21.010428524017335,0.9991284640153149,0.5817439556121826
135561216,21.132905387878417,1.2706034874871996,0.5918300151824951
135659520,21.20936103820801,1.0883956908060248,0.5847939848899841
135757824,21.062070617675783,1.0651524528595615,0.5837234258651733
135856128,21.176548042297362,1.0702728872522713,0.5856987833976746
135954432,21.067756538391112,0.991294550507767,0.572403073310852
136052736,21.324953174591066,1.0879316442208764,0.5929224491119385
136151040,20.89858811378479,1.8857962319558077,0.5872706174850464
136249344,21.299273052215575,0.866647206167617,0.5878175497055054
136347648,20.97356629256159,2.315946284507976,0.5807048678398132
136445952,21.390865592956544,0.9035797196718298,0.5926660299301147
136544256,21.021444625854492,0.9245167327965312,0.5792381167411804
136642560,21.0067573928833,1.027082916668998,0.5821638107299805
136740864,20.755847177505494,1.948520886483438,0.5788013935089111
136839168,20.952580652832985,2.2400943794386263,0.5844091176986694
136937472,20.90867853164673,2.3351374212497773,0.5865615606307983
137035776,21.45113628387451,0.9821048251264632,0.5923267006874084
137134080,20.87578281402588,1.238052148447995,0.5750201940536499
137232384,21.21955315589905,1.1687891211834205,0.5853098630905151
137330688,20.85929184913635,1.9662317438561971,0.5766556262969971
137428992,21.352419662475587,0.8965531959269541,0.587282657623291
137527296,21.21027512550354,1.648004001397989,0.5916751027107239
137625600,21.316695899963378,0.8862901946979573,0.5848566889762878
137723904,21.380781135559083,0.9552440481915682,0.5920372009277344
137822208,21.27224639892578,0.8606777735186337,0.5865758061408997
137920512,21.013118801116942,1.3181165604684075,0.5843827724456787
138018816,21.172415523529054,1.0698969640926874,0.5867999792098999
138117120,21.242195625305175,1.0872351345249514,0.5908064842224121
138215424,21.315533237457274,0.8978316812606044,0.5922434329986572
138313728,21.217303295135498,1.005421378482942,0.5852545499801636
138412032,21.438892459869386,0.904921987388889,0.5897306203842163
138510336,21.427665557861328,1.0838819465299105,0.5950710773468018
138608640,21.010705847740173,1.9540300094630536,0.5838024020195007
138706944,21.246111431121825,0.9624258045274405,0.5875659584999084
138805248,21.38057279586792,0.950726766498089,0.5978633165359497
138903552,21.22962385177612,1.035394548116026,0.5849398374557495
139001856,20.974509955793618,2.35528611509235,0.5777525901794434
139100160,21.374460563659667,1.0651562433885964,0.596222996711731
139198464,21.088653944283724,2.36117257616171,0.5863102078437805
139296768,21.273468322753907,0.8563845739361697,0.5911923050880432
139395072,21.190205259323122,1.3308434586641644,0.5898482799530029
139493376,21.306187362670897,0.9829253781301434,0.5959407091140747
139591680,21.209159984588624,0.9377979298469253,0.590479850769043
139689984,21.306355628967285,1.0133239115730714,0.5974523425102234
139788288,21.38457592010498,1.064832363579881,0.5875336527824402
139886592,21.389222469329834,1.018504447913442,0.589604377746582
139984896,21.275227870941162,1.1071256149288504,0.5841428637504578
140083200,21.276275478452444,2.341014053579103,0.5908582210540771
140181504,21.410823707580565,0.9417988296318995,0.5919492244720459
140279808,21.33644910812378,1.032659159153999,0.5913929343223572
140378112,21.401409645080566,0.9723815546712204,0.5928386449813843
140476416,21.424718618392944,1.1224246651347716,0.5883125066757202
140574720,21.397334079742432,0.8043321223253446,0.5907011032104492
140673024,21.453286266326906,0.8642160008028852,0.6003648042678833
140771328,21.421804752349853,0.9619211222029572,0.5861611366271973
140869632,21.339516983032226,0.9955141926636237,0.5943955779075623
140967936,21.51921600341797,0.9448778501388404,0.6013575792312622
141066240,20.956692656874658,2.3531050201081243,0.5828980207443237
141164544,21.355522785186768,0.9614192861592106,0.5967406630516052
141262848,21.20326066017151,1.3025661107124664,0.5843204855918884
141361152,21.39917505264282,0.9745857923898463,0.5967774391174316
141459456,21.297286014556885,0.8606988549664897,0.5889540910720825
141557760,21.449435539245606,0.7094174310885295,0.5984464883804321
141656064,21.440662536621094,0.8882968495911585,0.5933693647384644
141754368,21.436004734039308,0.9141969349183808,0.5943764448165894
141852672,21.642262172698974,1.0313066258142778,0.5999152064323425
141950976,21.342124347686767,0.9559901972112949,0.5916377902030945
142049280,21.57573314666748,0.8834878817928626,0.6004180312156677
142147584,21.371794624328615,0.9409846372722982,0.5910176038742065
142245888,21.497000942230226,1.0588820018757985,0.6007437705993652
142344192,21.493569793701173,0.9203404560332732,0.5936731100082397
142442496,21.525278549194336,1.1417861395424656,0.5959383845329285
142540800,21.37406823158264,1.581207908324346,0.5905808210372925
142639104,21.562792434692383,1.0142989011455328,0.5994784832000732
142737408,21.600174751281738,0.8253968477103236,0.6019898653030396
142835712,21.438989486694336,1.0290734961301495,0.5982539653778076
142934016,21.57547311782837,1.022632143581428,0.5976859331130981
143032320,21.534493217468263,0.7957788864169469,0.59636390209198
143130624,21.42994815826416,1.0847743426686758,0.5969274044036865
143228928,21.57442388534546,0.9339654363834208,0.603434681892395
143327232,21.418606567382813,0.9541007951440806,0.5989927053451538
143425536,21.58657901763916,0.9594876411151431,0.6052953004837036
143523840,21.333305044174196,1.2018307616876105,0.5931152105331421
143622144,21.553429660797118,0.9795923075842328,0.6032962203025818
143720448,21.464609909057618,0.9815874861475521,0.5967255234718323
143818752,21.6519264793396,1.0148513107588262,0.6081944704055786
143917056,21.58074085235596,0.9336766908856884,0.5993036031723022
144015360,21.355459060668945,0.9312418693339455,0.5963972806930542
144113664,21.459877166748047,0.9738485125624776,0.5949573516845703
144211968,21.4239927482605,0.8760318845368505,0.5916039943695068
144310272,21.38282301902771,1.8457379394716569,0.5930454730987549
144408576,21.616320190429686,0.793526152284147,0.600725531578064
144506880,21.729874038696288,1.0368060110969943,0.6080113649368286
144605184,21.498232685923576,2.3049845816199754,0.5980138778686523
144703488,21.213393381237985,2.342720913518657,0.5936079621315002
144801792,21.47085313796997,1.0025418120168108,0.5936617255210876
144900096,21.500396900177,1.0396451450962685,0.5947284698486328
144998400,21.527748069763184,1.0608914841922892,0.6000386476516724
145096704,21.56777530670166,0.9676717713286628,0.599448561668396
145195008,21.696267375946046,1.0371738061401126,0.60564786195755
145293312,21.537991161346437,1.635662149509204,0.5997118949890137
145391616,21.56723627090454,1.004570620386725,0.6022798418998718
145489920,21.44951452255249,0.8659848425341105,0.6029117107391357
145588224,21.55337797641754,1.7134807419770997,0.6015005111694336
145686528,21.772414207458496,0.8646490688728667,0.613117516040802
145784832,21.59121326446533,0.9249837392203827,0.6027171015739441
145883136,21.790425910949708,0.9011244449873109,0.6108792424201965
145981440,21.509856910705565,1.0730404195545131,0.6007797718048096
146079744,21.533602123260497,1.0957597204961615,0.6052433252334595
146178048,21.611507492065428,1.0475838608198282,0.6076904535293579
146276352,21.8395782661438,0.9179203957282013,0.6102498173713684
146374656,21.39270199611783,2.718238717468445,0.5989243388175964
146472960,21.57636993408203,0.9931747447331373,0.5986520648002625
146571264,21.572033977508546,0.9563113698448754,0.6045981645584106
146669568,21.608326482772828,1.975767041662315,0.6048547625541687
146767872,21.55168529510498,0.9771082669878112,0.6025838255882263
146866176,21.673535137176515,0.9053995336848022,0.6120424866676331
146964480,21.498071727752684,1.105440078791913,0.5984255075454712
147062784,21.56532962799072,0.9895881959129358,0.6037037372589111
147161088,21.613596210479738,1.6166622383378504,0.6136689186096191
147259392,21.640938625335693,0.8741002783676104,0.6092230081558228
147357696,21.610059604644775,0.9659808226064347,0.6051973104476929
147456000,21.42228585243225,2.2197200946940123,0.60270094871521
147554304,21.769766216278075,0.8772431812699313,0.6135053634643555
147652608,21.60058229446411,0.9590569287740096,0.6102981567382812
147750912,21.573821430206298,0.8825645654539983,0.6018466949462891
147849216,21.661873474121094,1.0163517895423535,0.6055817008018494
147947520,21.751486358642577,0.9058779729196933,0.6147522330284119
148045824,21.710923824310303,1.0335141479558412,0.6093207597732544
148144128,21.599479122161867,1.0759504148034662,0.6088120937347412
148242432,21.607982692718505,0.9408985923386928,0.6071350574493408
148340736,21.71746057510376,0.8678949006222622,0.6119979023933411
148439040,21.632531929016114,0.9793686383754194,0.6051994562149048
148537344,21.68999750137329,1.0355446098337415,0.6129093766212463
148635648,21.60717523574829,0.9636890755371701,0.6120354533195496
148733952,21.17879412032664,3.1572597228847306,0.595197856426239
148832256,21.145950479581952,2.942231596798932,0.6005063056945801
148930560,21.526738896369935,1.7034514978825657,0.6065147519111633
149028864,21.39138659954071,1.9726666253522696,0.6058326959609985
149127168,21.83269449234009,0.9035188899434514,0.6108797192573547
149225472,21.715208377838135,0.8949011007575418,0.6090928912162781
149323776,21.639582481384277,0.9840429572284108,0.6059665083885193
149422080,21.563369636535644,1.0118488131421188,0.6029318571090698
149520384,21.509106640815734,2.097055498200806,0.6074396967887878
149618688,21.271179361343385,2.469285685242017,0.6027624011039734
149716992,21.805969581604003,0.9495367225256843,0.612933874130249
149815296,21.537404012680053,1.6914328494363529,0.6079803705215454
149913600,21.7204229927063,1.1860139669633516,0.609665036201477
150011904,21.74237268447876,1.0187375854629506,0.6094503998756409
150110208,21.276043765693903,3.2117386215299324,0.5989824533462524
150208512,21.699187335968016,0.9473503382380546,0.6109957695007324
150306816,21.71496198654175,0.9539396067623203,0.6034553050994873
150405120,21.477383580207825,1.9302456980534095,0.6017758250236511
150503424,21.55436670303345,1.0628435145909279,0.5985686779022217
150601728,21.819389457702638,1.0852238132593555,0.6103396415710449
150700032,21.643465824127198,0.9023263874282274,0.605783224105835
150798336,21.598093528747558,0.8859947368400691,0.5993863344192505
150896640,21.549306449890135,0.9522525581004904,0.6058623790740967
150994944,21.617075214385988,1.5358907595192244,0.6044580340385437
151093248,21.273006024360658,2.2029528033963577,0.6071451306343079
151191552,21.340565789937973,2.647372753021253,0.6003646850585938
151289856,21.44904276996851,2.3903703754265773,0.5999666452407837
151388160,21.559432010650635,1.3893294304090458,0.5982926487922668
151486464,21.712387313842772,0.9343155437576481,0.6071828603744507
151584768,21.7502042388916,1.058055907842468,0.6074231863021851
151683072,21.666503143310546,1.0048978318813961,0.6061505675315857
151781376,21.952341823577882,0.9267477874650347,0.6126090884208679
151879680,21.5574835395813,0.8921020070152647,0.6012166738510132
151977984,21.614652118682862,0.9713717860909081,0.6024616956710815
152076288,21.547950019836424,0.9837475835333092,0.6025140881538391
152174592,21.881444301605224,0.8594052339663907,0.608566403388977
152272896,21.754137439727785,0.9543545704865997,0.5991115570068359
152371200,21.495325117111207,1.9750946328042587,0.5966113805770874
152469504,21.59407392501831,0.9715165444636045,0.5997805595397949
152567808,21.51715057373047,1.0643686127334633,0.5949195623397827
152666112,21.666121006011963,1.0107397048225546,0.6035633683204651
152764416,21.97036138534546,0.903056327985487,0.6123145818710327
152862720,21.768440418243408,0.9525605237270517,0.6027932167053223
152961024,21.31143013138324,2.3380141090739004,0.5934963822364807
153059328,21.637628574371337,1.0894368097741554,0.6020252108573914
153157632,21.704800395965577,0.8530001559406637,0.6004154682159424
153255936,21.45728940963745,2.333884266250731,0.5961848497390747
153354240,21.7198184967041,0.9920793587785148,0.6031030416488647
153452544,21.600201320648193,0.9481573260928505,0.6038987636566162
153550848,21.527840661108495,2.3287555537737243,0.5931223630905151
153649152,21.745391693115234,0.8736493066588579,0.610744833946228
153747456,21.26724873363972,2.3025459360236535,0.5883718132972717
153845760,21.60053554534912,0.9435357125094664,0.6042325496673584
153944064,21.556113057136535,2.023621242615184,0.6029362678527832
154042368,21.63230613708496,0.9776255078848364,0.5950009822845459
154140672,21.644664611816406,0.9044460166039553,0.598962664604187
154238976,21.794388999938963,0.9041618702588756,0.6019748449325562
154337280,21.704228515625,0.9559191959708818,0.60484379529953
154435584,21.790381755828857,1.0063979809401278,0.6064934730529785
154533888,21.738784675598144,0.8984378901265989,0.6011292338371277
154632192,21.861751918792724,0.9306937290125278,0.6088278293609619
154730496,21.738718490600586,0.9534067951187811,0.6102221012115479
154828800,21.429686756134032,1.0884175185351488,0.5926632881164551
154927104,21.358849325180053,2.1657281669847013,0.6049911975860596
155025408,21.537730054855345,1.6182351963986372,0.6002964973449707
155123712,21.39755134344101,2.3378836972105166,0.5937215685844421
155222016,21.645849456787108,1.0004790680485425,0.6027542352676392
155320320,21.624957160949705,0.9387217825169424,0.6029725074768066
155418624,21.6785737991333,0.8743957969718056,0.6034055948257446
155516928,21.726371841430662,0.9401265849795553,0.6087275147438049
155615232,21.731822681427,0.9421681986409427,0.6064300537109375
155713536,21.381540467776357,3.1615487743004698,0.5988609790802002
155811840,21.691207466125487,0.9477244474260029,0.6055753231048584
155910144,21.88149112701416,0.8466383363904452,0.6137767434120178
156008448,21.72742431640625,0.9132071261174823,0.606889009475708
156106752,21.817495365142822,1.043397419473782,0.6055312752723694
156205056,21.570126605555416,2.340026509121164,0.6012908220291138
156303360,21.52678092956543,2.0539540755313346,0.6035622358322144
156401664,21.691208419799803,1.7440402201447796,0.6038704514503479
156499968,21.86271514892578,0.8439838461575102,0.6065162420272827
156598272,21.66362503051758,0.9264854012343209,0.605087161064148
156696576,21.60296995162964,0.877192241947246,0.6039397716522217
156794880,21.7310493850708,0.8807982597755858,0.6130936145782471
156893184,21.812138557434082,0.9330367177565845,0.6107529401779175
156991488,21.767365074157716,0.9458007841350539,0.6121159791946411
157089792,21.82798629760742,1.0052352045682353,0.6102589964866638
157188096,21.499009251594543,2.080801602584467,0.5994541049003601
157286400,21.3910778093338,2.437412944817637,0.598875880241394
157384704,21.86609214782715,1.0090823482555118,0.6065115928649902
157483008,21.47656841754913,1.996539627519466,0.6015923023223877
157581312,21.506145496368408,0.9712802406011067,0.6040694117546082
157679616,21.64089925765991,0.8980335561865193,0.6025631427764893
157777920,21.65595594406128,0.9954013562717672,0.6031610369682312
157876224,21.8306321144104,0.8919028129672315,0.6121847033500671
157974528,21.871808948516847,0.9520423663824997,0.6105133891105652
158072832,21.466541843414305,2.3681514846719622,0.5951088070869446
158171136,21.810741329193114,0.7254382510272537,0.6116272211074829
158269440,21.560838648080825,2.195318017041383,0.5971060395240784
158367744,21.621534986495973,1.6365758297494843,0.6085670590400696
158466048,21.779208793640137,0.9958956328767801,0.6079615354537964
158564352,21.83197114944458,0.9188859409441336,0.6078699231147766
158662656,21.80837074279785,1.0170399852801255,0.6097306609153748
158760960,21.544971990585328,2.086365996996449,0.6029886603355408
158859264,21.58517370223999,1.2867431136563379,0.6033300161361694
158957568,21.86327180862427,0.9273023375337468,0.6114264130592346
159055872,21.724764547348023,1.4957483120001405,0.609689474105835
159154176,21.83238817214966,1.0376787288283722,0.6179459691047668
159252480,21.675708408355714,0.9158017043021877,0.6050076484680176
159350784,21.79900245666504,0.9183596169435481,0.6105972528457642
159449088,21.756126194000245,0.883897874908542,0.6036609411239624
159547392,21.822491359710693,0.9929020572585425,0.612086832523346
159645696,21.553797707557678,2.6599274176836296,0.6098042726516724
159744000,21.772746200561524,0.936901610592808,0.6095418334007263
159842304,21.864868755340577,0.9989853335464639,0.6160225868225098
159940608,21.67741960525513,0.9563499141318927,0.6113147139549255
160038912,21.643936896324156,1.97165685114669,0.611335039138794
160137216,21.903181858062744,0.9669415449190644,0.6130005121231079
160235520,21.91313751220703,0.8512031785209496,0.6196984648704529
160333824,21.429186218380927,2.9140066848506128,0.6033415198326111
160432128,21.717963154613972,2.398932733496556,0.6032335758209229
160530432,21.652422246932982,1.6067400925892357,0.6063849329948425
160628736,21.775302019119263,1.5859225674148898,0.6023762226104736
160727040,21.551076823770998,2.326184031471124,0.605178713798523
160825344,21.888929042816162,0.9448933384225614,0.6136987209320068
160923648,21.92170503616333,0.9161934564721061,0.6150245070457458
161021952,21.915559787750244,1.211561377582987,0.614804208278656
161120256,21.97864414215088,0.8890459426895748,0.6173394918441772
161218560,21.707117195129396,1.2056587767381486,0.609376072883606
161316864,21.75969488143921,1.243987512915128,0.6035177707672119
161415168,21.78937343597412,0.9031754183267908,0.6062405109405518
161513472,21.811729660034178,0.9691802309005485,0.6076127290725708
161611776,21.818381786346436,0.969316225477893,0.6130150556564331
161710080,21.99680498123169,0.8718873858052907,0.6173574924468994
161808384,21.818298473358155,0.9698050412986533,0.6012634038925171
161906688,21.834247436523437,0.9214950626623024,0.6090562343597412
162004992,21.946014041900636,0.8826497753201612,0.6188255548477173
162103296,22.001816864013673,0.9001222317296146,0.610130786895752
162201600,21.52959408581257,2.300200705752941,0.5884356498718262
162299904,22.020171546936034,0.9982335173961855,0.6123858690261841
162398208,21.894220428466795,0.9843784730950212,0.6114574670791626
162496512,21.99754367828369,0.9349829649111515,0.6129969358444214
162594816,21.796284484863282,0.9586577276301305,0.6096752882003784
162693120,22.007792472839355,0.8703071056150472,0.6120430827140808
162791424,21.97949951171875,1.029223315614924,0.6127318739891052
162889728,22.122332172393797,1.0146631592420188,0.6150948405265808
162988032,21.82324348449707,1.0535670752401731,0.6087870001792908
163086336,21.99257553100586,0.9709466509991417,0.610644519329071
163184640,21.813525466918946,0.9268297958657673,0.6111177206039429
163282944,21.808149995803834,1.2900477667418426,0.6078348159790039
163381248,22.00639268875122,0.9606204623444127,0.6097849607467651
163479552,21.955998973846434,0.8605450195863491,0.6073464751243591
163577856,21.695333193056285,2.387875727104932,0.602283239364624
163676160,22.126395320892335,0.9067417278761806,0.6160313487052917
163774464,21.89268726348877,1.032462291831031,0.6086955070495605
163872768,21.93294557571411,0.9690262358157606,0.6138812303543091
163971072,21.983895149230957,0.9950989500047523,0.6159471273422241
164069376,22.04020799636841,0.9026615549827564,0.6187185049057007
164167680,21.336529673412443,3.8337585197459645,0.5922345519065857
164265984,22.01914800643921,1.053136259520435,0.6077632308006287
164364288,22.012879848480225,1.1450829095849409,0.6149826645851135
164462592,22.04740140914917,0.8219730036348385,0.6172925233840942
164560896,21.882727394104005,0.9254161680200467,0.6069074273109436
164659200,22.13491149902344,0.8203314715107739,0.6082200407981873
164757504,22.000059089660645,1.0381367582106473,0.616584300994873
164855808,21.94145616531372,1.0547911519480868,0.6133795380592346
164954112,21.87023064613342,1.234040034438427,0.6104249954223633
165052416,21.94414665222168,1.0219106604616826,0.6153320670127869
165150720,22.00200813293457,0.9057565652314711,0.6094605922698975
165249024,21.8100119972229,0.8868776165348387,0.608100414276123
165347328,22.008091220855714,0.9472748058640751,0.6128997206687927
165445632,21.89809672355652,2.0262427293360044,0.6123629212379456
165543936,21.993136405944824,0.9303848856547904,0.6094695329666138
165642240,22.106475677490234,0.8497835257627895,0.6151127219200134
165740544,21.882453670501707,0.9913011048234063,0.6142981052398682
165838848,21.998484592437745,0.9692381113441986,0.6034107208251953
165937152,21.900273503065108,2.3857770103923683,0.6108601689338684
166035456,21.770174391269684,2.3650875332430976,0.6057122945785522
166133760,21.891731185913088,1.93480560281235,0.6144787073135376
166232064,21.904923210144045,1.6013929750130318,0.6145954728126526
166330368,21.420920534431936,2.6247321431101436,0.5968531370162964
166428672,21.691797313690184,2.0026481160258762,0.6082102656364441
166526976,21.569823734760284,2.6619461632951746,0.608517587184906
166625280,21.753943672180174,0.9930003316374473,0.6038253307342529
166723584,21.672307777404786,2.3674118946785216,0.603186845779419
166821888,21.86110529046506,2.383554758921956,0.6072942018508911
166920192,21.753702754974366,2.254814211819114,0.6059914827346802
167018496,22.068679008483887,1.026460954781994,0.6126965284347534
167116800,21.889996376037598,0.959460242320849,0.6135392189025879
167215104,21.919652004241943,0.8640732478072732,0.6089104413986206
167313408,21.916821699142456,1.2123097074825087,0.6107218265533447
167411712,21.794366970062256,1.0132001947121456,0.6099739074707031
167510016,21.4730053794384,2.9056894329666094,0.6032543778419495
167608320,21.63498064994812,2.281853306217018,0.610968291759491
167706624,21.935044841766356,0.9363233951031149,0.6084454655647278
167804928,21.774654860496522,1.8031989189964233,0.6088416576385498
167903232,21.519390725791453,2.9298501275712834,0.603607177734375
168001536,21.96294143676758,0.9145730741971257,0.610887885093689
168099840,21.92387924194336,0.8988147476948142,0.6094568371772766
168198144,22.02677339553833,0.8359272529995728,0.6145634651184082
168296448,21.55576464533806,2.8532556775877067,0.6020574569702148
168394752,21.739230551719665,1.9640885225123454,0.6047733426094055
168493056,21.690932836532593,2.3177773136975666,0.6026697158813477
168591360,21.94135154724121,0.9340359310017812,0.6095137596130371
168689664,21.876757593154906,1.7439759892170967,0.6059339046478271
168787968,21.826526956558226,1.9363770451491185,0.6051779985427856
168886272,21.94755558013916,0.9594082954352205,0.6098109483718872
168984576,21.983946876525877,0.898602632155375,0.6049098372459412
169082880,21.961695079803466,0.9557795470252352,0.6117498278617859
169181184,21.576902027130128,2.6288646508882962,0.5973383784294128
169279488,21.856973934173585,0.9126829351672163,0.6043691635131836
169377792,21.763387308120727,1.4663952643060545,0.5968084931373596
169476096,22.00702585220337,0.9230497765942511,0.6065142154693604
169574400,21.663639726638795,1.2307635864137096,0.6026901006698608
169672704,21.880166397094726,0.8895013928526706,0.6067922115325928
169771008,21.936927223205565,0.9724409329406303,0.6043931245803833
169869312,21.89828229904175,1.0103957162166681,0.6013150215148926
169967616,21.737158225178717,2.3598790710543005,0.5993386507034302
170065920,21.919178276062013,1.0429517739565708,0.6076478958129883
170164224,21.882837963104247,0.9878339042685325,0.6062500476837158
170262528,21.76462728559971,2.3110781248786036,0.6085802316665649
170360832,21.62903043746948,2.0977823369546105,0.6022129058837891
170459136,21.880113906860352,0.8831229930986904,0.6033313870429993
170557440,21.63773943901062,1.5632709676787007,0.6006636619567871
170655744,21.846331615447998,0.8484847242967414,0.6070771217346191
170754048,21.701940937042238,1.2059995063163609,0.6026715040206909
170852352,22.015894985198976,1.214132139219631,0.6144707202911377
170950656,21.83396553993225,1.5929890756211873,0.6088827848434448
171048960,21.56825212597847,2.718708026272884,0.5972549319267273
171147264,21.57996654033661,2.0314628852988066,0.6041467189788818
171245568,21.91335039138794,0.8409165026009923,0.6042740345001221
171343872,21.846331233978272,1.0039548649280712,0.6047649383544922
171442176,22.003589057922362,0.844855554240241,0.6115549206733704
171540480,21.776606369018555,1.0467409316562608,0.5977222323417664
171638784,21.890936546325683,0.9723136686243997,0.6076631546020508
171737088,21.949663162231445,0.9402213275687197,0.609474778175354
171835392,21.643694045543672,2.176251889633051,0.5995482206344604
171933696,21.834719867706298,0.8654663655938926,0.6043072938919067
172032000,21.767173376083374,1.3146274918781442,0.608311653137207
172130304,22.1102632522583,0.9386226646744363,0.6109544038772583
172228608,21.677026767730712,2.095049518835936,0.6037119626998901
172326912,22.11140501022339,0.8998876190644052,0.614737331867218
172425216,21.810851669311525,0.8779637311720436,0.6002691388130188
172523520,21.993533344268798,0.8381023487255032,0.6137750148773193
172621824,21.803215255737303,0.8790070952723742,0.6035022735595703
172720128,21.789824542999266,1.6898780935006918,0.6050645112991333
172818432,21.994633293151857,1.0037112180790244,0.60109543800354
172916736,22.022025890350342,1.0352128538326362,0.6094771027565002
173015040,21.997255172729492,0.960677384249396,0.6117585897445679
173113344,21.767054557800293,1.0109277227715185,0.6032440662384033
173211648,21.691973276138306,1.5696923334752249,0.6079903841018677
173309952,21.953756732940676,1.0291466836743697,0.6105380058288574
173408256,21.884864845275878,0.9651635986251984,0.6029636859893799
173506560,22.010292263031005,0.9690005903893368,0.6101343631744385
173604864,21.69897445369512,2.3781374156110036,0.6012252569198608
173703168,21.97724884033203,0.9319578269191509,0.6108378767967224
173801472,22.05153516769409,0.9253420194855867,0.6092069745063782
173899776,21.67463969707489,2.3443549679197435,0.5936821699142456
173998080,21.944459495544432,0.9214129464309129,0.6138128638267517
174096384,21.956178932189943,0.8897645585944464,0.6040631532669067
174194688,21.919271478652956,1.3955482550415856,0.6043897867202759
174292992,21.87996781349182,1.4405702816766055,0.6086570024490356
174391296,21.959679021835328,1.2022135615453182,0.611010730266571
174489600,21.94782060623169,0.9528372189244516,0.6073720455169678
174587904,22.031755924224854,0.951521955390317,0.6095858216285706
174686208,21.63733760356903,2.2628489806977345,0.6049069762229919
174784512,21.841566047668458,0.9420808754313438,0.6061800718307495
174882816,21.69287685394287,2.3986755087859835,0.5966951847076416
174981120,21.831913433074952,0.9270984517100548,0.6054167747497559
175079424,21.94649314880371,0.9857377396057934,0.6094256639480591
175177728,22.207281589508057,0.9547400340844276,0.6129831075668335
175276032,21.633179500102997,2.367574330264399,0.6040158271789551
175374336,21.829190292358398,1.3067412989200535,0.60676109790802
175472640,22.01136142730713,1.033461460522157,0.6101914644241333
175570944,22.085597019195557,0.901347081521035,0.6153532266616821
175669248,22.011369552612305,0.9989186373642929,0.6156914234161377
175767552,21.87226360321045,1.3661961841988313,0.6046899557113647
175865856,22.034128913879396,0.9139690008161907,0.6106247901916504
175964160,21.99299892425537,0.9472568011078647,0.6142299175262451
176062464,22.0757599067688,0.9911236680303479,0.6148181557655334
176160768,21.922889614105223,0.9329394371316816,0.612282395362854
176259072,21.773402547836305,2.2577604401036417,0.6077808141708374
176357376,22.0836789894104,1.1626910349953197,0.6036306619644165
176455680,22.18504644393921,0.8756296365959441,0.6165959239006042
176553984,21.988708820343017,0.9463829869345982,0.6154515743255615
176652288,22.086580867767335,0.992492858416233,0.6160715818405151
176750592,22.20101593017578,0.8918439236790426,0.6136347055435181
176848896,21.95093246459961,0.9582804377195582,0.613329291343689
176947200,22.022380905151365,0.8419442106415935,0.6120924949645996
177045504,21.75401079580188,2.388824160804579,0.5970702171325684
177143808,22.078775062561036,0.9821478849373874,0.6081638932228088
177242112,21.758136327266694,2.3311563302000153,0.603198766708374
177340416,21.986362314224245,1.237869804746625,0.6145178079605103
177438720,21.92364381790161,1.0200003455969777,0.6110087633132935
177537024,21.61968605041504,2.3802373157645977,0.5994107723236084
177635328,21.784965953826905,2.276719017920974,0.6160680651664734
177733632,21.934904289245605,0.9408144339939957,0.603435754776001
177831936,21.838858165740966,0.9233072438355278,0.6102005243301392
177930240,21.652431416511536,2.101002962897019,0.5981335639953613
178028544,21.528215527832508,2.948096537276919,0.5987293720245361
178126848,21.627655868530272,2.430756351016057,0.5953922867774963
178225152,21.982856464385986,0.9831528282454416,0.6066113710403442
178323456,21.96443769454956,1.0076266734758739,0.6118613481521606
178421760,21.90317247390747,1.0211626202995818,0.6088594198226929
178520064,21.906723201274872,2.0870858941710613,0.6146475076675415
178618368,22.232774505615236,0.8255948361645564,0.6168628334999084
178716672,21.928095207214355,1.3923190320526528,0.6130728721618652
178814976,22.011034002304076,1.218357863380595,0.6068606376647949
178913280,21.916795291900634,0.8838738622962145,0.6125093698501587
179011584,22.07712999343872,0.8874304128251895,0.6169218420982361
179109888,22.033393726348876,0.9300920035905147,0.607107400894165
179208192,22.136790676116945,0.9876548921667176,0.6139896512031555
179306496,22.136434841156007,0.941323290168777,0.6105791330337524
179404800,22.08624729156494,0.9193111708514333,0.6098878383636475
179503104,22.157282485961915,0.8061640132774596,0.6202287673950195
179601408,21.995659561157225,0.9229813228184478,0.6136108040809631
179699712,22.137602634429932,0.8286545708277498,0.6189755797386169
179798016,21.882311315536498,1.6143513731246886,0.6021661758422852
179896320,21.815828714370728,1.3383637238880612,0.6060981154441833
179994624,21.9593483543396,0.868559223054586,0.6094315648078918
180092928,22.086217441558837,1.0524538301366173,0.6175035834312439
180191232,22.11375576019287,0.94880107582512,0.6135127544403076
180289536,21.896176195144655,1.2586340795305542,0.6136612892150879
180387840,21.955069370269776,1.3405504375346173,0.6144794225692749
180486144,21.980709037780763,0.9614096508445135,0.6124904155731201
180584448,22.116081056594847,2.003775828616437,0.6177101135253906
180682752,22.026921997070314,0.9567369707048923,0.6166031360626221
180781056,21.906222263574602,2.348529998307712,0.6076719760894775
180879360,21.995986042022704,0.9751219803751673,0.6083770990371704
180977664,22.06941946029663,0.9003262526508413,0.6127419471740723
181075968,21.822267389297487,2.201491421023463,0.6052506566047668
181174272,22.219764347076417,1.0513032440406296,0.6162518262863159
181272576,21.648055497407913,2.684807024704618,0.6001541614532471
181370880,22.176611766815185,0.967622695659683,0.6130565404891968
181469184,22.073435707092287,1.2140185560123398,0.615353524684906
181567488,22.14894229888916,1.0250305089513418,0.6174739599227905
181665792,22.07866262435913,0.8745611289703181,0.617630660533905
181764096,22.03893783569336,0.8536386057849595,0.6098520755767822
181862400,21.93966817855835,1.6961164409075171,0.598301887512207
181960704,22.02283592224121,1.0118056378846307,0.6144716143608093
182059008,22.147912120819093,0.8617772594428933,0.6171390414237976
182157312,22.045473957061766,0.8626034639448673,0.6147907972335815
182255616,21.915815868377685,1.5828294815584054,0.6125447154045105
182353920,21.924319763183593,1.2226732846871295,0.606907069683075
182452224,21.9778084564209,0.9171850099427877,0.6113438606262207
182550528,22.042977266311645,1.2510933881377586,0.6122259497642517
182648832,22.140195894241334,1.29490800403516,0.6171804666519165
182747136,21.829964380562306,2.3909765680840342,0.6057476997375488
182845440,22.118236141204832,0.9016235062392568,0.6123583316802979
182943744,22.02873607635498,1.080491878584058,0.6134070754051208
183042048,22.011393337249757,1.346661828666137,0.6121721267700195
183140352,21.649585254192353,2.3213806747333985,0.6084522604942322
183238656,22.045340843200684,0.8841752081511296,0.61375892162323
183336960,22.00174798965454,0.9925304739798705,0.6121540665626526
183435264,22.21863700866699,1.0020946956374657,0.6169421076774597
183533568,21.944875264167784,2.3959590708258465,0.6116259098052979
183631872,21.800204717442394,2.86618510193933,0.6034368872642517
183730176,22.03232490539551,0.9421937046533182,0.6081037521362305
183828480,22.036605129241945,0.791812825936966,0.6067772507667542
183926784,22.001976585388185,0.901235571239902,0.6114396452903748
184025088,22.04820520401001,0.9369468027519798,0.6144661903381348
184123392,22.019577026367188,0.8716234714375802,0.6100993156433105
184221696,21.790273207202553,2.414462867156976,0.6013792753219604
184320000,21.995198993682862,0.9341052697110449,0.6097954511642456
184418304,22.11468912124634,0.9765071625424868,0.6128939986228943
184516608,22.06596025466919,0.9686802953171909,0.6139168739318848
184614912,22.091106704473496,2.3986095235274076,0.6148369312286377
184713216,22.08943200826645,2.161550136298276,0.61405348777771
184811520,22.001031742095947,1.02057784883876,0.6048380136489868
184909824,22.13513156890869,0.9376791220372704,0.6132656931877136
185008128,22.023144092559814,0.9129463562461857,0.613915741443634
185106432,22.060410614013673,1.050962931744761,0.6127752065658569
185204736,21.84292378857732,2.5557272941588165,0.5992211103439331
185303040,21.979303607940675,0.9110801838029262,0.607386589050293
185401344,22.01396245956421,0.9368882804768733,0.60796719789505
185499648,22.050496339797974,1.4980173956605989,0.6118088960647583
185597952,21.983582534790038,1.6716207149189473,0.6089154481887817
185696256,22.08639030456543,0.9606808866998516,0.6120672225952148
185794560,22.008622002601623,1.8219173795578447,0.6104430556297302
185892864,22.217843685150147,0.7975122488287091,0.6110713481903076
185991168,21.861074724197387,2.004260332784794,0.6126655340194702
186089472,22.10289705276489,0.8958320530576526,0.6133261322975159
186187776,21.91171263217926,1.7952278505093617,0.6037715673446655
186286080,22.084928760528566,0.9536143966535068,0.6072734594345093
186384384,21.80233078956604,1.6792020166491357,0.6025612354278564
186482688,22.040039386749267,0.9064056420553573,0.6072247624397278
186580992,21.911611185073852,1.3901242410819936,0.6066758036613464
186679296,22.208968963623047,0.8191018956658555,0.6191533803939819
186777600,21.883859043121337,0.9543116042232384,0.6115376949310303
186875904,22.079132142066957,2.0141190848880908,0.6093508005142212
186974208,22.109446843862532,2.2836541460488378,0.6140879392623901
187072512,22.277636184692383,0.9631459834544278,0.615813136100769
187170816,21.9563862991333,0.9528518363914315,0.6055141091346741
187269120,22.059368743896485,0.9943400254835096,0.6124446392059326
187367424,22.047168674468995,0.956011424904207,0.6103466749191284
187465728,22.161991596221924,0.9081488992122425,0.6156898736953735
187564032,22.244789905548096,0.9203207970057001,0.6119011640548706
187662336,21.759034530967472,2.9015068240046307,0.6070965528488159
187760640,22.10216854095459,0.9980296160601551,0.6117730140686035
187858944,22.193031730651857,0.9526971298394882,0.6166908740997314
187957248,21.8512882309407,2.3810715983183623,0.6068788766860962
188055552,22.038930892944336,1.1321975563461746,0.614443302154541
188153856,21.976534242630006,1.6799920394926011,0.608660876750946
188252160,22.056662607192994,1.6369621965093901,0.6180435419082642
188350464,22.03449471950531,2.0002234393557305,0.6134483218193054
188448768,22.16647183895111,2.015011357240104,0.6218424439430237
188547072,22.20939474105835,0.8259984906139735,0.6185897588729858
188645376,22.128918056488036,0.9078371459374734,0.6160218119621277
188743680,22.55607088088989,0.8894572585524337,0.6271007061004639
188841984,22.29037166595459,0.9595579648264099,0.6148433685302734
188940288,22.212343406677245,0.938925513461152,0.6222022175788879
189038592,22.117920169830324,1.0206761204107058,0.6139535307884216
189136896,22.255052242279053,0.9803725150403648,0.618446946144104
189235200,22.17112033843994,0.9482363636075163,0.6179460883140564
189333504,21.96468871116638,1.3578206351322455,0.6117627024650574
189431808,22.04296233654022,2.023398449044975,0.6161638498306274
189530112,22.1015132522583,0.9319058348159261,0.6075438857078552
189628416,22.09673128128052,0.9608824373177905,0.615937352180481
189726720,22.34050977706909,1.0526982737143138,0.6216073632240295
189825024,22.205353927612304,0.8672906623368182,0.6198002099990845
189923328,22.091329593658447,2.074045977755114,0.6157718896865845
190021632,22.149988079071044,0.9241158879625602,0.6201542615890503
190119936,22.02558771133423,1.239620248744176,0.6079831123352051
190218240,22.263582592010497,0.8035349693493765,0.6164778470993042
190316544,22.076707153320314,0.941477262975499,0.6126103401184082
190414848,22.206074256896972,0.8684484043231918,0.6145226955413818
190513152,22.35411298751831,1.0281781060142778,0.6165664196014404
190611456,22.18648790359497,0.9873212944176913,0.6140140891075134
190709760,21.99375578403473,2.2497232500407476,0.6090548634529114
190808064,22.155135536193846,1.246716571468867,0.6166986227035522
190906368,22.094889678955077,0.9557933636843113,0.6101928353309631
191004672,22.106841169595718,2.3818516207225198,0.6100171804428101
191102976,22.162378520965575,0.879795511485259,0.6205555200576782
191201280,22.385876445770265,0.9761644836752614,0.6186259388923645
191299584,21.994007692337036,1.9861878274946752,0.6143978834152222
191397888,22.09556043624878,2.0387995175292053,0.6140711307525635
191496192,22.180481338500975,0.8690923187456969,0.6116077303886414
191594496,22.37365617752075,0.8707676865746793,0.6218410134315491
191692800,22.085716633796693,2.1271804919164987,0.6157981157302856
191791104,22.322328395843506,0.9251018493857411,0.6171941161155701
191889408,22.05077277854085,2.3929863182405295,0.6093299984931946
191987712,22.370829391479493,0.8413579159600725,0.6237401366233826
192086016,22.144540672302245,2.0421419724741288,0.615521252155304
192184320,22.21167049407959,1.0232904690019422,0.6134843826293945
192282624,22.274435634613038,0.8451686035406155,0.6096439361572266
192380928,22.216985168457033,0.9271629338936332,0.6201729774475098
192479232,22.37594930648804,0.8743254107240012,0.6233829259872437
192577536,22.217800903320313,0.9489432482049527,0.617078423500061
192675840,22.311397361755372,0.9097618205995656,0.6189038753509521
192774144,22.113799934387206,0.8750644891984504,0.6169455051422119
192872448,22.28658926010132,0.7989610486597156,0.6190552711486816
192970752,22.3192441368103,0.9303536777719033,0.6215119361877441
193069056,22.04620193481445,2.0167001713018045,0.6201077103614807
193167360,22.16625473022461,0.9335391238566404,0.6190911531448364
193265664,22.188472824096678,1.4147224788338961,0.6180987358093262
193363968,21.91375539392233,2.4698135042419604,0.6047919988632202
193462272,22.242585010528565,1.0847852884869758,0.6200821995735168
193560576,21.984443817138672,1.1552602293895866,0.6111809015274048
193658880,22.07363736152649,1.6179613527561787,0.610044538974762
193757184,22.14877083301544,2.3330553527405846,0.6150767207145691
193855488,22.261633949279783,0.9035856099250991,0.616270899772644
193953792,22.346075954437257,0.974999496737345,0.6185787916183472
194052096,22.02577423095703,0.931273991601096,0.6122009754180908
194150400,21.93953732073307,2.4014285776669433,0.6092705130577087
194248704,22.041336626410484,2.368948999703364,0.6111432909965515
194347008,22.321949825286865,0.850304719150197,0.6193533539772034
194445312,22.18873169898987,1.627970026164649,0.612747073173523
194543616,22.32682870864868,0.9038717655772656,0.6198210716247559
194641920,22.358608322143553,0.9716939157080993,0.6157016158103943
194740224,22.182173347473146,0.8409439433922933,0.613770604133606
194838528,22.223000793457032,0.8734712184497877,0.6165682673454285
194936832,22.418876667022705,0.8855442998605497,0.6196233034133911
195035136,22.15491668701172,1.2577811015994582,0.6105145215988159
195133440,22.517821006774902,0.8119265362642534,0.625953197479248
195231744,22.323442821502685,0.9936565839290624,0.6221991777420044
195330048,22.238595962524414,0.8552394557558174,0.6201590299606323
195428352,22.5135502243042,0.8366397406696129,0.6267872452735901
195526656,22.452207527160645,0.8672711756823119,0.6227750778198242
195624960,22.196958274841307,0.8303164240176935,0.6115027070045471
195723264,21.947193841934205,1.9891766210201538,0.6157500147819519
195821568,22.25850538253784,0.9178972627873173,0.6163507103919983
195919872,22.20004690170288,1.5861997059202408,0.6183794736862183
196018176,22.526659317016602,0.8469099632402943,0.6164134740829468
196116480,22.44016077041626,0.786735598400518,0.6247381567955017
196214784,21.963492283821108,2.3348993376569713,0.617832362651825
196313088,22.42300495147705,0.9066438379602589,0.6179232001304626
196411392,22.14386875152588,1.4234632323444911,0.6114518046379089
196509696,22.011242492198946,2.23520624369753,0.6133575439453125
196608000,22.293405208587647,0.8123493356332193,0.618797779083252
196706304,22.166339707374572,1.7493589736021662,0.6237040758132935
196804608,22.219997764378785,2.3940027928195073,0.6167820692062378
196902912,22.375949010849,1.204244783241804,0.621515154838562
197001216,21.785113140493632,2.6228586501523017,0.6051720380783081
197099520,22.082076797485353,1.0130422540665447,0.6091811656951904
197197824,22.10053565979004,0.9195024411220131,0.6153411269187927
197296128,22.1717765045166,0.7818165217247331,0.6113057136535645
197394432,22.163291606903076,1.0345304508962823,0.6093747615814209
197492736,21.873427124023436,1.3170572198183073,0.59967440366745
197591040,22.209601440429687,0.9212197547049922,0.6067616939544678
197689344,22.133057708740235,1.1009367067415254,0.6114087104797363
197787648,22.039506034851073,2.095706167974282,0.6124238967895508
197885952,22.11845142841339,2.07556109275989,0.6173943281173706
197984256,22.174701595306395,1.2681312574794357,0.6140353679656982
198082560,22.07218997001648,1.5442063934942314,0.6137704849243164
198180864,22.30138165473938,1.2532184920833593,0.619407057762146
198279168,22.182538280487062,0.931491481832528,0.6056200265884399
198377472,22.052029819488524,0.8209624563296115,0.6043827533721924
198475776,22.184024105072023,1.0217679379029403,0.6163526773452759
198574080,22.419083704948424,1.8795490712764205,0.6228867769241333
198672384,22.174369049072265,0.9176320616094505,0.613561749458313
198770688,22.09868755340576,0.8104323704558817,0.6128677725791931
198868992,21.8759015083313,1.0896632136268019,0.6064521670341492
198967296,22.238650665283203,0.9553700234843203,0.613504946231842
199065600,22.254353408813476,0.9271669531011544,0.6156120896339417
199163904,22.34616943359375,0.9613081181048277,0.6123448610305786
199262208,22.10527781486511,1.5971930835148058,0.6138958930969238
199360512,22.178663024902345,0.9863270581226019,0.6169430017471313
199458816,22.12552551269531,0.9369162154899751,0.610424280166626
199557120,22.014169912338257,1.5179765348235135,0.6102118492126465
199655424,21.864971656799316,1.7055218104030068,0.6047808527946472
199753728,22.010673723220826,1.6010992166265832,0.6026381254196167
199852032,22.04696249961853,1.8536545516298413,0.6176141500473022
199950336,22.171157093048095,0.977169826390534,0.6115313768386841
200048640,22.065720782279968,1.6995345704845752,0.6084758043289185
200146944,22.200493259429933,0.9218474203239282,0.6131389141082764
200245248,22.24619815826416,0.9320678789689827,0.6156090497970581
200343552,22.145496788024904,0.8518703215355186,0.6149250864982605
200441856,22.210789642333985,0.8555610228357025,0.6129890084266663
200540160,22.043752784729005,1.0313542582907502,0.6071005463600159
200638464,21.89359190940857,1.291904318831085,0.6019817590713501
200736768,22.08834352493286,1.0055975360859584,0.6094818115234375
200835072,22.088731956481933,0.9295914014377176,0.6099710464477539
200933376,22.075573711395265,0.8920171145473809,0.6132946610450745
201031680,21.897751383781433,2.619735592392946,0.6109812259674072
201129984,22.281854419708253,0.9292003565791951,0.621856153011322
201228288,22.324616847038268,1.9445011488545545,0.6260892152786255
201326592,22.353820266723634,0.828009982616578,0.618462324142456
201424896,22.359583072662353,0.9220323881490897,0.624948263168335
201523200,22.235409622192382,0.9414464307720037,0.6111970543861389
201621504,22.206361026763915,1.2875225706756794,0.610510528087616
201719808,22.36164478302002,0.9602584684046721,0.6218299865722656
201818112,22.222149028778077,0.9528768543383721,0.611998438835144
201916416,22.19249921798706,1.0347854726815149,0.615715503692627
202014720,21.636378811001777,3.6647999003030014,0.599563479423523
202113024,22.013817291259766,2.060462865921772,0.6082968711853027
202211328,21.852621344327925,2.4658650565018427,0.6052506566047668
202309632,22.154437637329103,1.224400456455077,0.616225004196167
202407936,21.957147660255433,2.081829140373494,0.6058015823364258
202506240,22.09123570933938,2.499397852463229,0.616360068321228
202604544,22.25202672958374,0.9711389214760533,0.6202660799026489
202702848,22.16872673988342,1.2920837532622382,0.6101047396659851
202801152,22.164141526222227,1.9912148303714563,0.6112414002418518
202899456,22.084617676734926,2.0245933605228617,0.6114413738250732
202997760,22.02096344947815,1.8611526940612992,0.6046047210693359
203096064,21.929327920377254,2.4095851187472017,0.6085690259933472
203194368,22.298459358215332,0.9600563372412371,0.6183815598487854
203292672,22.09550741329789,2.3922494662582503,0.6120949983596802
203390976,22.428940563201905,0.7425314636162227,0.6159837245941162
203489280,22.345165967941284,1.3009233590626512,0.6203213930130005
203587584,22.028424706459045,2.3844785337021768,0.6127861142158508
203685888,22.288100357055665,0.8793531753228664,0.6166612505912781
203784192,22.300632038116454,1.0189751614545448,0.6181408166885376
203882496,22.14475570939481,2.3911632941295413,0.6111634969711304
203980800,22.330325031280516,1.039264767304933,0.612917423248291
204079104,21.81437562406063,2.723998003112778,0.6012693643569946
204177408,22.326601905822756,0.949041178990809,0.616438090801239
204275712,22.087349891662598,1.6028130915257588,0.6129859685897827
204374016,22.28128625869751,0.8522400434045787,0.6191255450248718
204472320,21.871426931619645,2.3855623571025757,0.5998298525810242
204570624,21.870817244797944,2.528091446725018,0.6074739694595337
204668928,22.16472002029419,1.0554032740955017,0.6100816130638123
204767232,22.513114776611328,0.8534099379511695,0.6202373504638672
204865536,21.944331550598143,1.6975988201694705,0.6079970598220825
204963840,22.277551651000977,0.8743767038142369,0.6183258891105652
205062144,22.291972217559813,0.9164617280170857,0.6162457466125488
205160448,21.889278576821088,2.976097192263433,0.6105152368545532
205258752,22.231874313354492,0.9656082136245997,0.609827995300293
205357056,22.33856304168701,0.9544636505538316,0.6148542761802673
205455360,22.18696983337402,1.102898006337519,0.6126863360404968
205553664,21.92485676676035,2.982669875544348,0.6058094501495361
205651968,22.19554563522339,0.8216398039126356,0.6061199307441711
205750272,22.042128582000732,0.996155964417217,0.6064541339874268
205848576,22.376716651916503,0.7813248308846987,0.6164565086364746
205946880,22.25215944290161,0.9082499919731851,0.6095799207687378
206045184,22.375454330444335,0.8537969711430149,0.6203234195709229
206143488,21.955661061927675,2.3878056521139306,0.6075727343559265
206241792,21.917687480449676,2.533903228262416,0.5898045897483826
206340096,22.171254749298097,0.8576407007359782,0.6144278049468994
206438400,22.343490772247314,0.9104358988310628,0.6149426698684692
206536704,22.333105602264403,1.0057950645587224,0.6145926713943481
206635008,22.288296489715577,1.0601910930274718,0.6124096512794495
206733312,22.09958305299282,2.3914586877799193,0.6102433204650879
206831616,22.188370475769045,0.9062870679760106,0.6084210872650146
206929920,22.192469158172607,0.8118233565278066,0.6017141342163086
207028224,22.349724712371827,0.8826800641171214,0.6135475039482117
207126528,22.210606100559236,2.3691662748393925,0.6096077561378479
207224832,22.167992861270903,2.392319529398774,0.6127835512161255
207323136,22.350263290405273,0.9521048853225124,0.6092745065689087
207421440,22.02824047446251,2.35663319873274,0.603092610836029
207519744,21.809078118801118,2.8495887015887638,0.594969630241394
207618048,22.225621408745646,2.421388689326885,0.6138624548912048
207716352,22.324803676605224,0.9644286713028618,0.6176082491874695
207814656,22.309778385162353,0.8684640766006412,0.6208036541938782
207912960,22.450640754699705,0.9106525925774579,0.6130077242851257
208011264,22.373164920806886,1.0787114912852183,0.6163924932479858
208109568,22.164109973907472,0.9611142881171401,0.6112216711044312
208207872,22.199290199279787,1.0989145136870742,0.6129941940307617
208306176,22.285923767089844,1.0178293609609768,0.608816921710968
208404480,22.41184814453125,0.9742747040842904,0.6177484393119812
208502784,22.445000762939454,1.014250123438058,0.6186448335647583
208601088,22.250949382781982,0.9766750330405515,0.6152176856994629
208699392,22.16925479888916,0.8591433468284496,0.6058622598648071
208797696,22.37242202758789,0.8098304961493207,0.6165428161621094
208896000,22.157262058258056,0.8283845113255841,0.6110906600952148
208994304,21.9275302053988,2.47383065117655,0.6099491715431213
209092608,22.36158349990845,0.8775590135133523,0.6197173595428467
209190912,22.246920623779296,0.9950422839661035,0.6072844862937927
209289216,22.48338676452637,0.8032338390205449,0.6235166192054749
209387520,22.332287368774413,0.7691115101176121,0.6140533685684204
209485824,22.466645812988283,0.886784388548913,0.6236276030540466
209584128,22.32051013946533,0.8782216547019001,0.6117397546768188
209682432,22.314767799377442,0.9120307169660153,0.6116530895233154
209780736,22.255521488189697,0.8528531987152337,0.608422040939331
209879040,22.076863746643067,0.899930730355518,0.600556492805481
209977344,22.346726093292236,0.7906032210793537,0.6202556490898132
210075648,22.287975924015043,2.366894106699075,0.6159822344779968
210173952,22.353866958618163,0.9860195404962148,0.6125251054763794
210272256,22.40008556365967,0.9313563182127699,0.6150819063186646
210370560,22.195137176513672,0.9177849918096496,0.6132423877716064
210468864,22.145862255096436,0.8885834340111953,0.6126763224601746
210567168,22.27949697494507,0.8466295481950228,0.6136138439178467
210665472,21.949296269714832,2.3842459676335883,0.6008126735687256
210763776,22.202133955955507,1.8996497083103123,0.6145262122154236
210862080,22.301369533538818,0.8662481175174112,0.6187645196914673
210960384,22.23356044769287,0.8307189341030152,0.60948246717453
211058688,22.35143466949463,0.830632475484937,0.6135183572769165
211156992,22.406413974761964,0.8893970626252075,0.6148960590362549
211255296,22.188192152678965,2.3968827750602086,0.6133809089660645
211353600,22.368634605407713,0.801301733940082,0.6194872856140137
211451904,22.225351543426513,0.9499326157411787,0.6139798760414124
211550208,22.356447887420654,0.8968956769464438,0.6193326115608215
211648512,22.339917888641356,0.845913923977851,0.613865077495575
211746816,22.351263065338134,0.8772713827948594,0.6206366419792175
211845120,22.419415702819823,0.8640955799080856,0.6257611513137817
211943424,22.235522327423094,0.9318947340905646,0.621254026889801
212041728,22.326296234130858,0.8836993529623823,0.6169453859329224
212140032,22.4009338760376,0.7921541447183511,0.6181983351707458
212238336,22.176607809066773,2.0365341261932084,0.6162084341049194
212336640,22.378851165771483,0.8105038573243111,0.6180839538574219
212434944,22.33339406967163,0.9717269677368093,0.6190280318260193
212533248,22.29370759963989,0.9743849079026861,0.6240952014923096
212631552,22.317753925323487,0.8733418332761274,0.6169497966766357
212729856,22.273201293945313,0.8557849193394186,0.6219155788421631
212828160,22.107904532998802,2.393740873889517,0.6086083650588989
212926464,22.15090305328369,2.416248762925371,0.6198713779449463
213024768,22.026765795946122,2.390803615595298,0.6154187917709351
213123072,22.215584030151366,0.882640286712437,0.6168277859687805
213221376,22.468660278320314,0.8909207979231866,0.6221529245376587
213319680,22.382949352264404,0.94508438607429,0.6217989921569824
213417984,22.41443956375122,0.7602564870741249,0.6252710819244385
213516288,22.348203163146973,0.8664169271010892,0.619867205619812
213614592,22.44062520980835,0.943087547066825,0.6293638348579407
213712896,22.217830118238926,2.4109871984884177,0.6189247369766235
213811200,22.33658924102783,0.9006756420271078,0.6214514970779419
213909504,22.20320125579834,0.8845066588491457,0.6124703884124756
214007808,22.11215329170227,1.6366905529153464,0.6208896636962891
214106112,22.403416538238524,0.9839185108020235,0.6219875812530518
214204416,22.176321717053654,2.3658088843467726,0.612545371055603
214302720,22.429640522003172,0.9385119649888974,0.6174865961074829
214401024,22.27879150390625,0.8785443484014566,0.6202518939971924
214499328,22.09735051751137,2.3576006524064996,0.6190272569656372
214597632,22.285254859924315,0.9317341811797465,0.6229302883148193
214695936,22.45500318527222,0.833305165152719,0.6128095388412476
214794240,22.238977642059325,1.997347892339176,0.6183080077171326
214892544,22.341514701843263,1.0670189061375557,0.6233147382736206
214990848,22.482655735015868,0.8723775757038323,0.6273835897445679
215089152,22.45011255264282,0.8367954300942151,0.6170615553855896
215187456,22.43747615814209,0.8232053341593247,0.6196839213371277
215285760,22.37808958053589,0.956682672504315,0.6212798953056335
215384064,22.399158611297608,0.8892201981543096,0.6267597079277039
215482368,22.448458232879638,0.9386517317337737,0.6262003779411316
215580672,22.209219875335695,0.9829812114990781,0.6101471781730652
215678976,22.609811305999756,0.7798951464411558,0.6289438605308533
215777280,22.153903007507324,0.8323366549043572,0.614652156829834
215875584,22.34075523376465,0.8089060100438876,0.621369481086731
215973888,22.32508792877197,1.1574393280792394,0.6166737079620361
216072192,22.450711612701415,0.8011022332446868,0.6237437725067139
216170496,22.48589515686035,0.9697646059517594,0.6210744380950928
216268800,22.244196402430536,2.4016858183537217,0.6161960363388062
216367104,22.28350486755371,0.8553634037378165,0.6147390604019165
216465408,22.41965934753418,0.8989667552607011,0.6159763932228088
216563712,22.39284978866577,0.9916198097408288,0.6297006607055664
216662016,22.352677402496337,1.03368796986453,0.6191837191581726
216760320,22.190615005493164,0.9143824958233453,0.6160223484039307
216858624,22.385483417510986,0.8587504490128626,0.6234645247459412
216956928,22.38148380279541,0.9294261664807338,0.623261570930481
217055232,22.229998807907105,1.5667355496640676,0.619688868522644
217153536,22.241530184745788,1.9835782629094436,0.6239174604415894
217251840,22.405011959075928,0.8406405373884541,0.6238547563552856
217350144,22.450869121551513,0.8620977930291526,0.6232889890670776
217448448,22.66741575241089,0.7648453350688837,0.6297962069511414
217546752,22.416234340667724,0.9214527591668239,0.6193476319313049
217645056,22.375384311676026,0.9372201811690521,0.6235465407371521
217743360,22.24487856864929,1.692610092817225,0.6224965453147888
217841664,22.365586910247803,1.106807802887101,0.6228177547454834
217939968,22.294053626060485,1.6558062168941738,0.6232241988182068
218038272,22.057967831492423,2.3026399878196115,0.6107677221298218
218136576,22.511791286468505,0.7927679743011445,0.6252114176750183
218234880,22.390340156555176,0.9237479129794313,0.623992383480072
218333184,22.4801642036438,0.8426312558916488,0.6257615089416504
218431488,22.376884841918944,0.9281108775690488,0.6224595308303833
218529792,22.38528648376465,0.8915913159932765,0.6208748817443848
218628096,22.256312446594237,0.9640278432034901,0.6220287680625916
218726400,22.404137020111083,0.9150563230982974,0.6238188743591309
218824704,22.393946685791015,0.7845489615847798,0.6256712079048157
218923008,22.530801239013673,0.9153533986478908,0.6197024583816528
219021312,22.25573179244995,0.9578325791010592,0.619274377822876
219119616,22.159425998926164,2.356581045522546,0.6108123660087585
219217920,22.321229019165038,1.1231046067010015,0.6243685483932495
219316224,22.244816761016846,1.8981660130825173,0.6196749210357666
219414528,22.53289768218994,0.8533195670736642,0.6210711002349854
219512832,22.60991687774658,0.8585503824342984,0.6273305416107178
219611136,22.46008628845215,0.8500302535863097,0.6211063861846924
219709440,22.321073150634767,0.7971618413320642,0.6210395693778992
219807744,22.268233594894408,1.2471775940154286,0.6265612244606018
219906048,22.506376552581788,0.8502696253524392,0.6230407357215881
220004352,22.266354790180923,2.3886585946275076,0.6239660978317261
220102656,22.35906415939331,0.8808150999019387,0.6145377159118652
220200960,22.250630531311035,0.8362111880460593,0.6175071597099304
220299264,22.162130889892577,1.6664094370397273,0.6177652478218079
220397568,22.30042006328702,2.397054440266514,0.6246833205223083
220495872,22.40724582672119,0.8366206183543164,0.6221975684165955
220594176,22.348187198638914,0.872591760122644,0.6200047135353088
220692480,22.28213785171509,0.9582880202547883,0.619089663028717
220790784,22.40504894256592,0.828493127193858,0.6223005056381226
220889088,22.11278519064188,2.3672829758249714,0.6153466105461121
220987392,22.290788187980652,1.9307815242069257,0.6189262866973877
221085696,22.47112117767334,0.7561751067059193,0.6247012615203857
221184000,22.522186069488527,0.8531087931957287,0.6252163648605347
221282304,22.387177810668945,0.944599235631482,0.6208149790763855
221380608,22.606099739074708,0.8325514658963864,0.6245238184928894
221478912,22.475178909301757,0.9759839341739946,0.6222357153892517
221577216,22.47810212135315,2.095669210871951,0.6206358671188354
221675520,22.409586277008056,0.8046549772387555,0.6205078363418579
221773824,22.478810329437255,0.7440233500370532,0.6299390196800232
221872128,22.0332961736992,2.9985850239023217,0.6083166003227234
221970432,22.33031512260437,1.3203008354976589,0.6203669905662537
222068736,22.470209827423094,0.8312219849810598,0.621762752532959
222167040,22.55051824569702,0.8267159583709685,0.6229876279830933
222265344,22.415142631530763,0.9078273098016176,0.617648184299469
222363648,22.405437774658203,0.8383380909128411,0.6182948350906372
222461952,22.546803703308104,0.8193264840158382,0.6250612139701843
222560256,22.38730655670166,0.9164517995109723,0.6211726665496826
222658560,22.089133649468423,2.394121483870404,0.6137604117393494
222756864,22.39482127189636,1.3268321605376654,0.6254886388778687
222855168,22.53541494369507,0.9017730867420515,0.6291650533676147
222953472,22.402530403137206,0.9006778851370955,0.6154352426528931
223051776,22.465876808166502,1.2252837391686786,0.6279534101486206
223150080,22.48399137496948,0.8500267536676676,0.6270620822906494
223248384,22.423421688079834,0.9200034036444451,0.6235051155090332
223346688,22.373610458374024,0.8443684622290665,0.6184637546539307
223444992,22.293420133590697,2.0281034559280577,0.6215603351593018
223543296,22.48665533065796,0.8709045100085453,0.6271665096282959
223641600,22.67059211730957,0.8125350283269009,0.6294090151786804
223739904,22.456060905456543,0.8508913877583244,0.6225337982177734
223838208,22.36116844177246,0.839756895927855,0.618915319442749
223936512,22.449866619110107,0.910281005332344,0.6232905387878418
224034816,22.49765146255493,0.9204475177930677,0.6236081123352051
224133120,22.45976013183594,0.8980992079899376,0.6246541738510132
224231424,22.08697292402387,3.0313430242638293,0.6154310703277588
224329728,22.41169490814209,0.9807502127445895,0.6206203699111938
224428032,22.43093656539917,0.9843727221684643,0.6207394599914551
224526336,22.48391035079956,0.9957227121180936,0.6191858053207397
224624640,22.392391834259033,0.9490204912795595,0.6205816268920898
224722944,22.597303009033205,0.9023095166583723,0.6244379281997681
224821248,22.564156646728517,0.8943885253890604,0.6267995238304138
224919552,22.422531719207765,0.9378437112549987,0.6273391246795654
225017856,22.370512790679932,0.8696840036618889,0.618672251701355
225116160,22.33320242881775,1.6210491713191975,0.6183139681816101
225214464,22.561454887390138,0.8198655094424687,0.6286716461181641
225312768,22.461109504699706,0.9244105490914752,0.6238856315612793
225411072,22.444262084960936,0.8563620781203833,0.6253479719161987
225509376,22.539740715026856,0.8253073690443617,0.6249448657035828
225607680,22.229526834487913,2.0165873745786267,0.6206103563308716
225705984,22.24389820456505,2.4079244851815713,0.6215595602989197
225804288,22.496896190643312,0.8703498064498484,0.6301596164703369
225902592,22.391661252975464,1.6564817557853668,0.6251099109649658
226000896,22.424273471832276,0.8221184017597885,0.6223335266113281
226099200,22.50753879547119,0.7999348708722672,0.6242091655731201
226197504,22.26499963760376,1.7189145103444066,0.6189467310905457
226295808,22.02714349552989,2.6265783080870637,0.6181329488754272
226394112,22.562292881011963,0.8845936921613823,0.62807297706604
226492416,22.51933334350586,0.844850410510277,0.6276134252548218
226590720,22.35013011932373,0.7878224568983492,0.6213940382003784
226689024,22.403919105529784,0.8817221480423177,0.622156023979187
226787328,22.5555094909668,0.8357604362842528,0.6213539242744446
226885632,22.35739959716797,1.542562185693544,0.6230741143226624
226983936,22.427184200286867,1.585250399493439,0.6250293254852295
227082240,22.34939119338989,0.920607916935169,0.6228322386741638
227180544,22.278062086105347,1.63470263592956,0.6194742918014526
227278848,22.421580104827882,0.8518641821482493,0.6207902431488037
227377152,22.418649673461914,0.9416422713366345,0.6209553480148315
227475456,22.30675000190735,1.3386083957766544,0.6173074245452881
227573760,22.240971755981445,2.0169673333768547,0.6261833310127258
227672064,22.46900358200073,0.950331244076139,0.626956045627594
227770368,22.27736545085907,2.4130873483698165,0.6214430928230286
227868672,22.289914741516114,1.3036831372930926,0.6194989681243896
227966976,22.474264049530028,0.8496336394066684,0.6263987421989441
228065280,22.564274253845216,1.0753743389443429,0.6235165596008301
228163584,22.28770019054413,1.9912664594827478,0.6170410513877869
228261888,22.438004894256594,0.8479124183409038,0.6224322319030762
228360192,22.30899426460266,1.5522466848767853,0.6228190660476685
228458496,22.487830562591554,0.9405354087517503,0.62664794921875
228556800,22.5930673789978,0.778621882932214,0.6260266304016113
228655104,22.55305450439453,0.8815493833308192,0.6275333762168884
228753408,22.596160430908203,0.9308782194890519,0.6256214380264282
228851712,22.565820693969727,0.8590749939041634,0.6253585815429688
228950016,22.877679748535158,0.843300255794557,0.6324845552444458
229048320,22.5255507850647,0.9051521468209868,0.6255170702934265
229146624,22.49499328613281,0.8924548048540811,0.6264136433601379
229244928,22.565980587005615,0.8855322761977473,0.6273239254951477
229343232,22.51714786529541,0.8017297728955478,0.6288567185401917
229441536,22.495860633850096,0.8990778924946049,0.6233744621276855
229539840,22.488095417022706,0.851593657540571,0.6252796649932861
229638144,22.572316112518312,1.0314287567798883,0.6269636750221252
229736448,22.645827255249024,0.804067685060741,0.6309497356414795
229834752,22.623372192382813,0.9389727792874616,0.6322335600852966
229933056,22.594841594696046,0.7237304692824658,0.6291207075119019
230031360,22.218393199145794,2.7333847544788767,0.6222219467163086
230129664,22.51821340560913,0.887152814465461,0.6275333166122437
230227968,22.72777156829834,0.8268480313456628,0.6285651922225952
230326272,22.582277126312256,0.8861241046217179,0.6224746108055115
230424576,22.640783252716066,0.820271050387742,0.6314089298248291
230522880,22.36000659942627,2.011110772344705,0.6305950284004211
230621184,22.595442485809325,0.8268823577229989,0.6316313147544861
230719488,22.6791365814209,0.763059850440803,0.6307018399238586
230817792,22.508620376586915,0.9030042237768281,0.6250234842300415
230916096,22.49024076461792,0.8531656276392383,0.6255344152450562
231014400,22.35311628341675,0.8528201133417701,0.622936487197876
231112704,22.462701358795165,0.8643931411099782,0.6220434308052063
231211008,22.568478927612304,0.8856469290138175,0.6213861703872681
231309312,22.55284978866577,0.8482059096495751,0.6245249509811401
231407616,22.565259256362914,1.2463858817150484,0.628354012966156
231505920,22.336310749053954,1.229095617350536,0.612905740737915
231604224,22.51174057006836,0.8255061658057752,0.621370255947113
231702528,22.54252275466919,0.8921607552354461,0.6239048838615417
231800832,22.550662288665773,0.7267478878071933,0.6247332096099854
231899136,22.55337017059326,0.9953860187577505,0.6295418739318848
231997440,22.471658916473388,0.8587160504560007,0.6164780855178833
232095744,22.618987369537354,0.8263779216567214,0.6321898698806763
232194048,22.662282695770262,0.8868007934104594,0.6297079920768738
232292352,22.56275188446045,0.7686894848024762,0.6289308667182922
232390656,22.583029327392577,0.8353228968847203,0.627065896987915
232488960,22.709292068481446,0.8855813172762179,0.628049373626709
232587264,22.773709888458253,0.7234962301857107,0.6311608552932739
232685568,22.44404752254486,2.1047314544394076,0.6236934661865234
232783872,22.592336711883544,0.8957376318976892,0.6282742023468018
232882176,22.597875328063964,0.8422501609322953,0.6223812103271484
232980480,22.466983350515367,2.345119605905659,0.6243748068809509
233078784,22.491426222361625,2.4687226144425063,0.6272407174110413
233177088,22.11977076012641,3.264822150053651,0.6215773820877075
233275392,22.679115581512452,0.842664156000393,0.6269381642341614
233373696,22.514108152389525,1.1726274160060872,0.6233900189399719
233472000,22.540790805816652,0.8211324676181856,0.6296387910842896
233570304,22.745689487457277,0.7610572508591535,0.6325783133506775
233668608,22.640303440093994,0.9206792152672161,0.6262912154197693
233766912,22.641229419708253,1.254868463852303,0.6290342807769775
233865216,22.80067085266113,0.7581077607401666,0.6340624094009399
233963520,22.707312774658202,0.8899531401860231,0.6343164443969727
234061824,22.66227201461792,0.8361904439091421,0.6341990232467651
234160128,22.618277187347413,0.8913962351054622,0.6262811422348022
234258432,22.5553275680542,1.2933573221298875,0.6325247883796692
234356736,22.635880966186523,0.7357094082302897,0.6298258304595947
234455040,22.62725559234619,0.916459307193064,0.6240571737289429
234553344,22.44364465713501,0.8179558673366055,0.626180112361908
234651648,22.48543525695801,0.8870164566370426,0.6243138909339905
234749952,22.626405754089355,0.9508568970909639,0.6355183124542236
234848256,22.66346939086914,0.7459394700153394,0.6324671506881714
234946560,22.531668092608452,2.3952364079786714,0.6250621676445007
235044864,22.465573740005492,1.6756577596215172,0.6234840154647827
235143168,22.688664264678955,0.8202237183346175,0.6270003914833069
235241472,22.491982045173646,1.9930423678571167,0.6244120597839355
235339776,22.60983654022217,0.8984783414266656,0.6231731176376343
235438080,22.728966789245604,0.8839359048674662,0.6320089101791382
235536384,22.44272646903992,2.141052410498342,0.6267397403717041
235634688,22.6252756690979,0.9144518724058057,0.6315967440605164
235732992,22.66879056930542,0.9846989690733489,0.6335200071334839
235831296,22.733996391296387,0.9292670070076894,0.629511833190918
235929600,22.772535800933838,0.9544883696796025,0.6369150876998901
236027904,22.693679752349855,0.955559345807557,0.632683277130127
236126208,22.63305944442749,0.8599654516145437,0.6270745396614075
236224512,22.622327194213867,0.7770300641905842,0.6293758153915405
236322816,22.51704939365387,2.016367365756849,0.6338529586791992
236421120,22.66182559967041,0.8593667955479739,0.62924724817276
236519424,22.897219257354735,0.8049277506101512,0.6415555477142334
236617728,22.73846071243286,0.7930676522781903,0.6345540285110474
236716032,22.664732979238032,2.369864503760979,0.6290952563285828
236814336,22.521000881195068,0.9274800889223263,0.6275642514228821
236912640,22.655471153259278,0.8725745693884316,0.6243468523025513
237010944,22.809727687835693,0.8268737207549058,0.6324543952941895
237109248,22.77538854598999,0.8089922879305448,0.6321154832839966
237207552,22.63466133117676,0.8395487272094222,0.6267750263214111
237305856,22.68772292137146,1.3379849915781048,0.6317191123962402
237404160,22.600177345275878,1.5430975173685029,0.627051591873169
237502464,22.763096313476563,0.879391289280243,0.6363848447799683
237600768,22.804248447418214,0.8992540089219878,0.6316314935684204
237699072,22.67569640159607,1.1998719522927253,0.6308161020278931
237797376,22.81550862312317,1.3075224938254202,0.6332296133041382
237895680,22.788112087249758,0.7209269008682355,0.6372495889663696
237993984,22.761044750213625,0.8573707389146238,0.634324312210083
238092288,22.3945894870162,2.378073674559923,0.6263355612754822
238190592,22.40018234625459,2.8874259359048216,0.6268912553787231
238288896,22.732497768402098,0.8583742491910556,0.6353067755699158
238387200,22.790918560028075,0.7538828721486986,0.6314026713371277
238485504,22.766017742156983,0.8286296145393808,0.6319043040275574
238583808,22.63844654083252,0.9925539934592887,0.6340774297714233
238682112,22.771696496009827,2.01156663613187,0.6402148008346558
238780416,22.612524490356446,0.8792857888224265,0.632014274597168
238878720,22.915546913146972,0.8691591062094913,0.6420670747756958
238977024,22.78180467605591,0.8212449892217984,0.6382724046707153
239075328,22.646081027984618,0.9150249609058969,0.632861852645874
239173632,22.481328897476196,1.9767116419232236,0.6310076713562012
239271936,22.801983757019045,0.8956309562310792,0.6343728303909302
239370240,22.610513076782226,0.8511010531495404,0.6267647743225098
239468544,22.62803999900818,1.4068132796730215,0.634124755859375
239566848,22.743819389343262,0.7737991996766566,0.630425751209259
239665152,22.8393239402771,0.8579379443899863,0.6351234912872314
239763456,22.649873638153075,1.193144219264419,0.6286472082138062
239861760,22.70206491470337,0.8176853141700984,0.6360923051834106
239960064,22.824972248077394,0.9295219230332077,0.632121205329895
240058368,22.746631183624267,0.8460262333302916,0.6314032077789307
240156672,22.70310073852539,0.945190024118466,0.6261734366416931
240254976,22.39009747117758,2.694566582808253,0.6217068433761597
240353280,22.647474002838134,1.0410136993102381,0.6329345107078552
240451584,22.82137088775635,0.8997446440075499,0.6366307735443115
240549888,22.531464796066285,2.017187965558729,0.6278707385063171
240648192,22.792103042602537,0.9562659469729442,0.6361074447631836
240746496,22.848502044677733,0.80327299210724,0.6358098983764648
240844800,22.712431564331055,0.802666076617233,0.6324498057365417
240943104,22.718355884552,0.8327926088674763,0.6346810460090637
241041408,22.68174949645996,0.7815728873537333,0.6304512023925781
241139712,22.689255676269532,0.8902350395253409,0.6305800080299377
241238016,22.717404918670653,0.8361432498621574,0.6302671432495117
241336320,22.708278007507325,0.8063419629962586,0.6332647800445557
241434624,22.754645404815673,0.871012563431832,0.6299827098846436
241532928,22.506740665435792,1.6030854649696091,0.6237563490867615
241631232,22.45754542350769,1.6254924226607945,0.6324111819267273
241729536,22.55185252189636,1.5654591177933133,0.6311757564544678
241827840,22.671636180877684,0.9058181147692194,0.629507303237915
241926144,22.586833820343017,1.6113929319227773,0.6329619884490967
242024448,22.723728084564208,0.7513506516918463,0.6269887089729309
242122752,22.785121898651123,0.8558689324926648,0.6354947090148926
242221056,22.828746013641357,0.7653325158948046,0.6352466940879822
242319360,22.716171474456786,0.8501906447733473,0.6339746713638306
242417664,22.543752183914183,2.03316780083673,0.6299338936805725
242515968,22.73924892425537,0.9115732435640052,0.6299365162849426
242614272,22.63328567504883,0.9729839583068832,0.6299825310707092
242712576,22.60825475692749,0.9096088931463977,0.6257873773574829
242810880,22.70094886779785,0.7522753240644472,0.6321755051612854
242909184,22.19465563878417,2.5263627693057686,0.6155834197998047
243007488,22.61614185333252,0.8157705930381846,0.6297005414962769
243105792,22.7559539604187,0.890783529037835,0.6361215114593506
243204096,22.56546706199646,1.2923849041767685,0.6293424367904663
243302400,22.43630443520844,2.4538125422806205,0.6146612167358398
243400704,22.709868927001953,0.982374939251716,0.6327143907546997
243499008,22.540354785919188,0.8427626408065709,0.6271589398384094
243597312,22.87491117477417,0.7275762043702866,0.6352865695953369
243695616,22.458734855651855,0.9493623859728052,0.6287022233009338
243793920,22.335348184257747,2.371575740437509,0.6219879984855652
243892224,22.601900329589842,0.8625085015926051,0.6346230506896973
243990528,22.454431643113494,2.4147097746194732,0.6272130012512207
244088832,22.30014234520495,3.2671849423956028,0.630142092704773
244187136,22.73876863479614,0.7947017929875148,0.629963755607605
244285440,22.3979332447052,1.7091607212346136,0.6171610355377197
244383744,22.601716289520265,0.8830107282320058,0.6272704601287842
244482048,22.63086109161377,1.0228847795984373,0.6260873079299927
244580352,22.222923246100546,3.284525314175179,0.62553870677948
244678656,22.567858695983887,0.9143528855221804,0.6296491026878357
244776960,22.617967109680176,0.7743953658994464,0.6275749802589417
244875264,22.445246972590684,2.3761774047937876,0.6305516362190247
244973568,22.71622022628784,0.8634330877685515,0.6332175135612488
245071872,22.509606351852415,1.311407354964042,0.6264165043830872
245170176,22.691152877807617,0.9040013416536419,0.6329163908958435
245268480,22.286276715025306,3.2913835187158056,0.6249640583992004
245366784,22.732311058044434,0.8242857928629754,0.6342803835868835
245465088,22.601441860198975,0.8564439445060179,0.6311158537864685
245563392,22.552343044281006,0.9048337503875562,0.6259286403656006
245661696,22.63775384902954,0.7984453449057506,0.6341227293014526
245760000,22.591230716705322,2.0211354460075763,0.636275589466095
245858304,22.771463527679444,0.9436757259181667,0.6330758929252625
245956608,22.512895641326903,0.8439125458638436,0.6311675906181335
246054912,22.64850798457861,2.425873420368602,0.629558801651001
246153216,22.521776514053343,1.993202486142649,0.632291316986084
246251520,22.4486372089386,2.2762386930410976,0.632559597492218
246349824,22.497687664031982,1.5924081234772356,0.6312928199768066
246448128,22.724591884613037,0.8353849454444112,0.6338192224502563
246546432,22.600327186584472,0.8728918220997745,0.6320546865463257
246644736,22.515739307403564,1.2244357917919555,0.6342257261276245
246743040,22.545274982452394,1.5402870694335904,0.6313529014587402
246841344,22.703870677947997,0.821327307441878,0.636263370513916
246939648,22.76602491378784,0.7419788902155924,0.633382260799408
247037952,22.647060489654542,0.8986204104375188,0.6321038603782654
247136256,22.279130468368532,2.5123744076441334,0.6264524459838867
247234560,22.558548126220703,0.7838836927218528,0.6270992755889893
247332864,22.781997985839844,0.7580040218440225,0.6376856565475464
247431168,22.736450958251954,0.73824989985932,0.6403207778930664
247529472,22.7709637260437,0.8146099643207214,0.6328965425491333
247627776,22.705790424346922,0.8235610952515536,0.6305164694786072
247726080,22.802018852233886,0.8223616540307409,0.6367061138153076
247824384,22.801587085723877,0.8501763942050833,0.6361156702041626
247922688,22.756690483093262,0.8395776072857388,0.6348233222961426
248020992,22.557466430664064,1.5415381482011434,0.6316765546798706
248119296,22.628778209686278,0.9026742071757834,0.6275539398193359
248217600,22.733480682373045,0.8107744287122126,0.636538028717041
248315904,22.752120265960695,0.8850556004898898,0.6382125020027161
248414208,22.515301628112795,0.9219056658039494,0.6271457076072693
248512512,22.46999430656433,2.232170220747791,0.6321285367012024
248610816,22.695561828613283,0.8986019043898049,0.6297475695610046
248709120,22.728583602905275,0.8907908927694748,0.6322132349014282
248807424,22.534797210246325,2.406186520265537,0.630389392375946
248905728,22.65029588699341,0.7328706071486993,0.6301233768463135
249004032,22.736643314361572,0.9168051527262054,0.6304534077644348
249102336,22.857868061065673,0.736965489736878,0.6366606950759888
249200640,22.727658805847167,0.8389120535865717,0.6294390559196472
249298944,22.753248081207275,0.8858210435622461,0.6346498727798462
249397248,22.582466506958006,0.8889173200094839,0.6259703040122986
249495552,22.586658267974855,0.9707308410135331,0.6279029250144958
249593856,22.54320846557617,0.9434939905403623,0.6263450980186462
249692160,22.573372292518616,2.038375194048496,0.6285219192504883
249790464,22.607499465942382,0.9224446397094969,0.6269596815109253
249888768,22.75998306274414,0.9332706181756888,0.630801796913147
249987072,22.664148807525635,0.8297255697715952,0.6323717832565308
250085376,22.701721286773683,0.8199646344184763,0.6310327053070068
250183680,22.795608234405517,0.8282801509744454,0.6366956233978271
250281984,22.84799211502075,0.8403985891326052,0.636040210723877
250380288,22.545579271316527,1.616219768247732,0.627309262752533
250478592,22.76079656600952,0.8985516093473604,0.6302235126495361
250576896,22.721864585876464,0.8588105231053557,0.629946231842041
250675200,22.369064865112303,2.0346224936347803,0.6247559785842896
250773504,22.701767101287842,0.8066923571872564,0.6298549175262451
250871808,22.5197661113739,1.6081877586378108,0.6259862184524536
250970112,22.72752166748047,0.8552523452175061,0.6326450705528259
251068416,22.912873992919923,0.8175052138873292,0.6348534226417542
251166720,22.68021766662598,0.9068085788911889,0.6256097555160522
251265024,22.650831594467164,1.2301475914403615,0.6334628462791443
251363328,22.794622287750244,0.8520856639443322,0.6349037885665894
251461632,22.431903610229494,1.509677270831867,0.6259874701499939
251559936,22.782464179992676,0.8539033415493668,0.6346451044082642
251658240,22.716404151916503,0.8809316847969125,0.6195228099822998
251756544,22.758641662597658,0.7919972773047396,0.6290014982223511
251854848,22.681472721099855,0.7805206311938304,0.6298810243606567
251953152,22.73700267791748,0.861386616343758,0.6264318823814392
252051456,22.6272403717041,0.9288800008590303,0.629530131816864
252149760,22.650690631866453,0.9348547772286397,0.6255191564559937
252248064,22.610175018310546,1.6282458388869938,0.6314910650253296
252346368,22.61849494934082,1.3132002836533219,0.6317620873451233
252444672,22.682944564819337,0.874576849072352,0.6297571659088135
252542976,22.773742485046387,0.9068390439952604,0.6269254684448242
252641280,22.659430227279664,1.2076397198794244,0.634821355342865
252739584,22.48314455986023,1.5599449340793958,0.6332417726516724
252837888,22.611904125213623,0.8100786946791924,0.6261826753616333
252936192,22.70246593475342,0.8195518549205638,0.6349789500236511
253034496,22.779865169525145,0.8820345902626366,0.6313010454177856
253132800,22.613746366500855,1.2489896432359466,0.6315382122993469
253231104,22.606146717071532,1.6203814861645416,0.6353325843811035
253329408,22.43140395641327,2.02672753550242,0.6281566023826599
253427712,22.549622068032622,2.382763843309303,0.6219921112060547
253526016,22.797895698547364,0.876229624175068,0.6310413479804993
253624320,22.663875141143798,0.7942945719430242,0.6261091828346252
253722624,22.518400845378636,2.4115688224129372,0.6219816207885742
253820928,22.680567150115966,0.8254547639759976,0.6317968368530273
253919232,22.814111309051512,0.8449210994530717,0.6335363388061523
254017536,22.75557481765747,0.8708415222515914,0.6395341753959656
254115840,22.760027561187744,0.8796827104428222,0.6354385614395142
254214144,22.90053539276123,0.7718997689091843,0.6360176205635071
254312448,22.86638256072998,0.8927416178984805,0.6362508535385132
254410752,23.014666538238526,0.7227832341354019,0.6460645198822021
254509056,22.83299837112427,0.8867803442870251,0.6323853731155396
254607360,22.828655109405517,0.8996847777422498,0.6358962059020996
254705664,22.6931480884552,1.6561393808809193,0.6390897631645203
254803968,22.460429878234862,1.3548337867538947,0.6250247955322266
254902272,22.663328170776367,0.7982640838458116,0.6300994157791138
255000576,22.70442174911499,0.9676979079978894,0.637225866317749
255098880,22.703393745422364,1.6792067040025496,0.637138843536377
255197184,22.74316909790039,0.8776091714744156,0.6308040618896484
255295488,22.899996204376222,0.8710492288674344,0.6367226243019104
255393792,22.657478981018066,1.5635003622936672,0.6351062059402466
255492096,22.74818426132202,0.8588553137529555,0.6358405947685242
255590400,22.654889583587646,0.8401514603236472,0.6301765441894531
255688704,22.902632579803466,0.8673395758721092,0.6411128044128418
255787008,22.60677535057068,1.2771688700470656,0.6312150359153748
255885312,23.049520473480225,0.8541542203189982,0.6437098383903503
255983616,22.872923526763916,0.8463264107006312,0.6361114978790283
256081920,22.7889510345459,0.796130080269338,0.6354776620864868
256180224,22.816769695281984,1.1734644918216994,0.637462317943573
256278528,22.52920238263905,2.430885550907111,0.618415355682373
256376832,22.646124927401544,2.322785872783708,0.6325237154960632
256475136,22.966523513793945,0.9506893198963304,0.6397051811218262
256573440,22.81812215805054,0.7968439645969764,0.6302762031555176
256671744,22.941167411804198,0.7825354905215542,0.638525128364563
256770048,22.70053333282471,1.0050925313076564,0.6267164945602417
256868352,22.88546115875244,0.8116607041891916,0.6387494802474976
256966656,22.706825561523438,0.9105129914446283,0.6337298154830933
257064960,22.62099291622639,2.3456646679952255,0.6374571919441223
257163264,22.848498153686524,0.9110879899377536,0.6302956938743591
257261568,22.94824687957764,0.7257968807577334,0.6360146403312683
257359872,22.85793285369873,0.8704106947377215,0.6323975324630737
257458176,22.788459768295287,1.2869952733032703,0.6303060054779053
257556480,22.786661224365233,0.8558214888578989,0.63595050573349
257654784,22.831100749969483,0.8157768528663861,0.6344423294067383
257753088,22.79048910140991,0.765018846124081,0.6361204981803894
257851392,22.723020248413086,0.8601631901821541,0.630265474319458
257949696,22.61342309951782,2.017784569645799,0.6289713382720947
258048000,22.65042228013277,2.448270544193171,0.6356985569000244
258146304,22.86762056350708,0.792569389795013,0.635399341583252
258244608,22.780932298749686,2.4350223703764384,0.6297402381896973
258342912,22.65847171008587,2.444729373215003,0.6329594254493713
258441216,22.71488082885742,1.994142783778785,0.6343531012535095
258539520,22.919722023010255,0.8839504556695955,0.6397663354873657
258637824,22.873332576751707,0.7928054827541756,0.6365922689437866
258736128,22.902086353302003,0.7395443775169991,0.6355552077293396
258834432,22.534514032527806,2.4364854979657986,0.6294282674789429
258932736,22.702531661987305,0.8322703636696455,0.6350736021995544
259031040,22.58384150505066,2.0225006406141004,0.6317312717437744
259129344,22.89050676345825,0.893367588469353,0.6393733024597168
259227648,22.782972564697264,1.2250364038199817,0.6349133253097534
259325952,22.65455114364624,0.8730399428462011,0.6334185004234314
259424256,22.791309299468995,0.874616871520345,0.6370832920074463
259522560,22.809651985168458,0.8766502601412228,0.6338557600975037
259620864,22.847983093261718,0.8226911733014276,0.6328861117362976
259719168,22.87399419784546,0.8529105759472906,0.6384810209274292
259817472,22.824284324645998,0.8336066633073219,0.6336902976036072
259915776,22.758016872406007,0.8556737681493052,0.6329547166824341
260014080,23.092329864501952,0.8057791106621434,0.64360111951828
260112384,22.87975553512573,0.8582689926976156,0.6367726922035217
260210688,22.814715309143068,0.9580316761780056,0.6324498057365417
260308992,22.956886558532716,0.7934006904718052,0.6301279067993164
260407296,22.68885235697031,2.4053077507360734,0.6314579248428345
260505600,22.730249881744385,1.6270982392530353,0.6339752674102783
260603904,22.830211505889892,0.7458950671164332,0.6377987861633301
260702208,22.708118286132812,0.8616725376962252,0.6308616995811462
260800512,22.793456153869627,0.7900371755870422,0.6372495889663696
260898816,22.873231410980225,1.3782468439334543,0.6416109204292297
260997120,23.027293071746826,0.85243424017526,0.6400477886199951
261095424,22.78803394317627,1.0206195605625648,0.6351137161254883
261193728,22.635560320839286,2.4348113746368107,0.6338834166526794
261292032,22.716077218055727,2.0262605014029096,0.6400755047798157
261390336,22.902118930816652,0.8966933678668965,0.6397126913070679
261488640,22.839744396209717,0.7877625389859987,0.6394468545913696
261586944,22.988237380981445,0.8585577941643376,0.6430966854095459
261685248,22.9731178855896,0.8202078470119055,0.6384872794151306
261783552,22.968863086700438,0.7433934180458535,0.6428686380386353
261881856,22.81896910905838,2.068496317861585,0.6415510773658752
261980160,22.54829947710037,2.085628851145143,0.6311635375022888
262078464,22.907649536132812,0.8114693933296809,0.6404275894165039
262176768,22.806936836242677,0.7532394200663648,0.6371439099311829
262275072,22.720729637145997,1.100323472485226,0.6352132558822632
262373376,22.864782676696777,0.8324943736477082,0.6386650800704956
262471680,22.823380813598632,1.1758394891152817,0.6400690674781799
262569984,23.04205711364746,0.8021244617254261,0.643208384513855
262668288,22.852633781433106,0.980770813653503,0.6452940702438354
262766592,22.88955352783203,0.8011051665120461,0.6407266855239868
262864896,22.76499653972685,2.414741060184909,0.6408107280731201
262963200,22.777231097221375,1.9975351588190322,0.6407395601272583
263061504,22.775568828582763,1.2123729788090187,0.6379216909408569
263159808,22.730116981141038,2.419833104966909,0.6355952024459839
263258112,22.955787620544434,0.9150688514930115,0.6440960168838501
263356416,23.10479434967041,0.7839286549036519,0.646828293800354
263454720,23.055190124511718,0.9042635492049191,0.6410374641418457
263553024,22.937958002090454,1.1783687493623998,0.6394689083099365
263651328,22.9964080619812,0.7450402907220024,0.6399694085121155
263749632,22.920045309066772,1.1482637777894968,0.6376509070396423
263847936,23.000246715545654,0.8741379067653692,0.6436330080032349
263946240,22.97935363769531,0.9136060939412897,0.6329421401023865
264044544,23.042295093536378,0.9178869151298731,0.6465146541595459
264142848,22.97332395553589,0.8394244139295458,0.6410785913467407
264241152,22.961865100860596,0.8213530080801016,0.645958423614502
264339456,22.894342727661133,0.8796525432944073,0.644156813621521
264437760,22.65670147422701,2.447347135084753,0.6372814178466797
264536064,22.451323059536517,3.3486280979168606,0.6337124109268188
264634368,22.780295928418635,2.4019223481039393,0.6477142572402954
264732672,22.749551855903118,2.42112621128303,0.6423937082290649
264830976,22.907766895294188,0.9223848918296315,0.6351974010467529
264929280,22.92896252632141,1.5949242576639584,0.64177405834198
265027584,23.094265880584718,0.8179383258506576,0.6468619108200073
265125888,23.059890613555908,0.7531422475470785,0.6440439820289612
265224192,22.846617339253427,2.405614989101656,0.6432704925537109
265322496,22.942964534759522,0.8071972359382196,0.6447065472602844
265420800,22.787104856967925,2.1427185736980348,0.6432597637176514
265519104,23.18075407028198,0.8154356096301744,0.6523665189743042
265617408,22.86879804611206,1.2320327929704882,0.6413364410400391
265715712,23.14061647415161,0.71175121276276,0.6451234817504883
265814016,22.85059670448303,1.3045702400037715,0.6440872550010681
265912320,22.913133821487428,1.9939008279342,0.6384650468826294
266010624,22.613344952091573,2.3849842010180407,0.6354207992553711
266108928,22.98192808151245,0.8946571135540747,0.6449559926986694
266207232,23.03377431869507,0.9174816196511002,0.6473994255065918
266305536,22.9122439289093,1.1571774243368753,0.6435533761978149
266403840,23.129212417602538,0.8144686399195878,0.6497982740402222
266502144,23.09803716659546,0.7810346705178949,0.6469682455062866
266600448,23.149267711639403,0.7161511520198303,0.6485475301742554
266698752,23.303772354125975,0.7185446656465776,0.6527485847473145
266797056,22.992418594360352,0.7089732200897397,0.6417730450630188
266895360,23.029306907653808,1.596474795553958,0.6462505459785461
266993664,23.087696018218995,0.6836709007492651,0.6440824866294861
267091968,22.903612480163574,0.7584852458105515,0.6373053789138794
267190272,22.83808946609497,0.7844062135705377,0.6412623524665833
267288576,22.97414894104004,0.7234031937617772,0.636401355266571
267386880,23.046352062225342,0.7455770300801015,0.6453893184661865
267485184,22.42831687644124,3.6132200384308306,0.6294193267822266
267583488,23.139795227050783,0.7171096581247459,0.6465526819229126
267681792,23.02931993484497,0.7858853826565426,0.6449887156486511
267780096,22.814666423797608,1.2276032250729596,0.6387881636619568
267878400,22.839348850250243,1.2922298040406817,0.6396791934967041
267976704,22.882496128082277,0.9363152397835715,0.6384389400482178
268075008,22.876829471588135,0.9217924484528406,0.6388120055198669
268173312,23.082732830047608,0.753803887641287,0.6392553448677063
268271616,23.044493160247804,0.774156678059161,0.6458245515823364
268369920,22.947939491271974,0.8576479703040888,0.6396149396896362
268468224,22.976546201705933,1.6153584784865642,0.6435555219650269
268566528,23.02219575881958,0.7734449780759722,0.6436511278152466
268664832,23.037846794128416,0.8283921763247797,0.6422863006591797
268763136,23.176860523223876,0.8631202637212334,0.6426653861999512
268861440,23.077409782409667,0.8483893432267403,0.6429554224014282
268959744,22.94508253097534,0.7425466549933831,0.6382737159729004
269058048,23.030128650665283,0.8290952627348045,0.6421946883201599
269156352,22.991233139038087,0.9170678222622929,0.6379269361495972
269254656,22.882722725868224,2.044515329307189,0.6445019245147705
269352960,22.985595512390137,0.8805183509331728,0.6443686485290527
269451264,23.141751499176024,0.89123985502397,0.641647219657898
269549568,23.082453994750978,0.807090691354664,0.6430772542953491
269647872,23.043265228271483,0.8323949761231214,0.6457947492599487
269746176,23.057235145568846,0.8004764994052537,0.642533540725708
269844480,22.91051351070404,1.874701001036991,0.6409178972244263
269942784,22.934609050750733,1.6389766261681116,0.6430873870849609
270041088,22.832689476013183,1.6344139565118878,0.6353648900985718
270139392,22.873026504516602,0.8840385029935157,0.6435763835906982
270237696,22.893936880007388,2.4348158344995325,0.6421137452125549
270336000,22.98644781112671,0.8124775778864458,0.6396433711051941
270434304,23.035766792297363,0.9154622300710327,0.6427187323570251
270532608,22.731309085190297,2.781308116125769,0.6374471187591553
270630912,22.872820472717287,2.0421464553210984,0.6440419554710388
270729216,23.10415008544922,0.8837830475032198,0.6487131118774414
270827520,23.190032653808593,0.8075327521060176,0.6430622339248657
270925824,22.77155735015869,2.0532769007969174,0.6379318237304688
271024128,22.898842372894286,0.8564228687707889,0.6418589949607849
271122432,22.987545131891967,2.4155082549428992,0.645483136177063
271220736,22.643858243301512,2.7877276200089454,0.6345899701118469
271319040,23.00795581817627,0.8562393725518557,0.6435539126396179
271417344,22.939661293029786,0.8314978258955087,0.6399549245834351
271515648,22.712080691754817,3.3208028997490735,0.6379824876785278
271613952,22.983421401977537,0.8186843333324801,0.6399667263031006
271712256,23.047972621917726,0.8251493938904473,0.6518430709838867
271810560,23.097635650634764,0.8010282306808495,0.6461942791938782
271908864,23.071943225860597,0.9263294909663568,0.650407612323761
272007168,23.18048334121704,0.742776666542473,0.6526458263397217
272105472,22.832601843103767,2.6049111213109555,0.6421513557434082
272203776,22.98113245010376,0.8175565264059406,0.6403540372848511
272302080,22.915646760165693,2.418791510422092,0.6465716361999512
272400384,23.192609100341798,0.6966260750437858,0.6500393748283386
272498688,22.99870065689087,0.7512416396028399,0.643230676651001
272596992,23.098297843933107,0.752446462674798,0.6411988735198975
272695296,23.094896411895753,0.8411982164092628,0.6515359878540039
272793600,23.257112865447997,0.72276750028446,0.6559818387031555
272891904,23.02085880279541,1.1668253061336842,0.6462234258651733
272990208,23.07366626739502,0.7898735135948058,0.6459640860557556
273088512,23.170984382629396,0.8479852917074496,0.6492227911949158
273186816,23.060280418395998,1.2862455200992666,0.6491374969482422
273285120,23.22378438949585,0.8461091852039835,0.6500077247619629
273383424,22.94391927242279,2.0357380342469047,0.6490166187286377
273481728,23.117499933242797,1.2518973053914193,0.6485122442245483
273580032,22.977816337049006,2.426217654813322,0.6474188566207886
273678336,22.915965142250062,2.0277584419413484,0.6467162370681763
273776640,23.135592803955078,0.7099355108359626,0.6527999043464661
273874944,22.90537635028362,2.448738218084361,0.6355860233306885
273973248,23.070569400787353,0.8180578531596042,0.6481505632400513
274071552,23.130862216949463,0.8081371977272074,0.6528570652008057
274169856,23.07463249206543,0.6966966006173864,0.6484781503677368
274268160,23.13094108581543,0.8913578425224556,0.6520123481750488
274366464,22.98978988647461,1.009103201820236,0.6455179452896118
274464768,23.019904708862306,0.8808450424382576,0.6483167409896851
274563072,22.725221070051195,2.5774738709907004,0.6412050724029541
274661376,23.072772789001466,0.8022134255919084,0.6511436104774475
274759680,23.204069328308105,0.8984366874121582,0.6562666893005371
274857984,23.143596324920654,0.7555420056590768,0.6491219997406006
274956288,23.1656809425354,0.7491845761815041,0.6461117267608643
275054592,23.26743932723999,0.8279218783668619,0.6547225713729858
275152896,23.16370897293091,0.8358860954284233,0.6510351896286011
275251200,23.206166801452635,0.6108520003959783,0.6557750701904297
275349504,23.090607357025146,0.8588913693372857,0.6513117551803589
275447808,22.88291955947876,0.9878364775284217,0.6422647833824158
275546112,23.11642520904541,0.7981449345158568,0.6493536829948425
275644416,22.941443376541137,1.8905786943527758,0.6535474061965942
275742720,23.01220905303955,0.8754743666941628,0.6426577568054199
275841024,23.11228494644165,0.767938913796936,0.6485103368759155
275939328,22.988809227235617,2.428363306307891,0.6508253812789917
276037632,23.01355622291565,1.206364980801656,0.6542887091636658
276135936,22.963724613189697,0.8125782451225763,0.6508085131645203
276234240,23.11045763015747,0.814940507341737,0.656258225440979
276332544,23.151008434295655,0.8714524843482825,0.651922881603241
276430848,23.237773132324218,0.6917551204430814,0.6522420644760132
276529152,22.882404136657716,1.9976324843212212,0.6492390632629395
276627456,23.048934383392336,0.8113087770545715,0.6450752019882202
276725760,23.16077377319336,0.9372387966542822,0.6566208600997925
276824064,23.090080184936525,0.8348820022671891,0.6510188579559326
276922368,23.189244003295897,0.7857402435120276,0.6557170748710632
277020672,23.2167045211792,0.7534694274942204,0.654049813747406
277118976,23.016966762542726,0.7839402322632152,0.6448985934257507
277217280,23.145774993896485,0.81876416908751,0.6529955863952637
277315584,23.149998245239257,0.7845773495138534,0.6546781063079834
277413888,23.2253826713562,0.8370935444402663,0.652896523475647
277512192,23.067277240753175,0.8596394848420738,0.6492828130722046
277610496,23.152860240936278,0.8906540832077395,0.6544241309165955
277708800,23.14465061187744,0.7736332302989314,0.6500487327575684
277807104,23.071153678894042,0.9173045539316349,0.6479488611221313
277905408,23.086762733459473,0.7907907220450052,0.6505393385887146
278003712,23.09671449661255,0.7701077574631137,0.6478197574615479
278102016,23.16979639053345,0.8616345713571504,0.6544733643531799
278200320,22.73432300925255,3.070273012532828,0.6449394226074219
278298624,22.76526894569397,2.439199374110177,0.6471104025840759
278396928,22.958279781341552,1.2816690393929366,0.647423505783081
278495232,23.117675647735595,0.7662329285796541,0.6491503715515137
278593536,23.215625801086425,0.8273684329278809,0.6497287750244141
278691840,22.987520322799682,1.5593066240979558,0.6529443860054016
278790144,23.149690685272216,0.750161346209855,0.6478784084320068
278888448,23.223625297546388,0.7050015811814161,0.6493704915046692
278986752,23.069707584381103,0.9086505114773938,0.6513093709945679
279085056,23.21172149658203,0.7342388610337308,0.6535201072692871
279183360,23.20047716140747,0.8254632558708883,0.6541053652763367
279281664,23.17166399002075,0.8985224649998869,0.6501922011375427
279379968,23.129456825256348,0.7346136558743774,0.647903561592102
279478272,22.88235378742218,2.022723778114869,0.6487182974815369
279576576,23.127913360595702,0.7644123149371024,0.6509547233581543
279674880,23.093924789428712,1.659650812022159,0.6543741822242737
279773184,23.12037615828216,2.460470778819498,0.6471978425979614
279871488,22.93649552345276,1.5951935249801503,0.6491990089416504
279969792,23.137495918273927,0.9267529146550425,0.6409688591957092
280068096,23.148989582061766,0.8152194768369817,0.6505648493766785
280166400,23.148748645782472,0.8186596059216328,0.6531102061271667
280264704,23.18472738265991,0.8205447245949997,0.6522997617721558
280363008,23.072813825607298,1.243062921455939,0.6506538987159729
280461312,23.149427213668822,1.1866998389487808,0.6526124477386475
280559616,23.156660041809083,0.7745367067515317,0.652550220489502
280657920,23.132215213775634,0.7465701642462277,0.6507630348205566
280756224,23.194630489349365,0.754323734344316,0.6552517414093018
280854528,22.90391820259392,2.4103888332607886,0.6445350646972656
280952832,22.639304135516287,3.285857869939206,0.6430528163909912
281051136,23.276997241973877,0.7196667574312354,0.6570823788642883
281149440,23.03965292930603,2.0388142526522417,0.6527196168899536
281247744,23.182875556945802,0.8222633478688604,0.6488091945648193
281346048,23.276891746520995,0.7596653439577361,0.6543447971343994
281444352,23.061670722961427,0.8063774635427895,0.6521880030632019
281542656,23.04696915745735,2.423500630016377,0.6485939025878906
281640960,23.036766023635863,2.0010339093599048,0.6488944292068481
281739264,23.117313976287843,0.800866350222472,0.6526860594749451
281837568,23.377034854888915,0.759886940081325,0.6533137559890747
281935872,23.268808841705322,0.6743441936216585,0.6541674137115479
282034176,22.969006843566895,1.325902358411977,0.6440519094467163
282132480,23.29417116165161,0.6740141245344672,0.6526795625686646
282230784,23.23158727645874,0.8123662956626437,0.6536623239517212
282329088,23.12727029800415,0.8500404243368036,0.6556774377822876
282427392,22.802772382572293,2.4216873846324547,0.641493022441864
282525696,23.152024421691895,0.7436506790187256,0.6520337462425232
282624000,23.136887283325194,0.8072181576354927,0.6535735726356506
282722304,23.069232397079467,1.6116286444998829,0.6538645029067993
282820608,23.03615149497986,1.5360004099434768,0.6543137431144714
282918912,23.160068550109862,0.924854843470429,0.6530132293701172
283017216,23.204345836639405,0.7342238308817478,0.6562896966934204
283115520,23.337281589508056,0.7074525527241695,0.6587731242179871
283213824,23.0733927154541,1.6077960441020003,0.6519891023635864
283312128,23.103350563049318,1.220239782034633,0.6507034301757812
283410432,23.096945886611937,1.6054334320259716,0.6535423994064331
283508736,23.08112470701337,2.4192882465184664,0.6516338586807251
283607040,23.175529799461366,2.0405994386628805,0.6478148102760315
283705344,23.110330486297606,0.77966994813769,0.6527419090270996
283803648,23.171755380630493,1.5455766280159462,0.6552639007568359
283901952,22.972297765966506,2.450596717407479,0.6505865454673767
284000256,22.976195079237222,2.437183004783738,0.6439827680587769
284098560,22.92301006898284,2.450231090439956,0.6438596248626709
284196864,23.149243297576906,0.7232021942446644,0.6524369716644287
284295168,22.848118726611137,2.4601363794868134,0.6347043514251709
284393472,23.005745627731084,2.4510772933458025,0.6532949209213257
284491776,23.11914468765259,0.6944799328924743,0.6462075710296631
284590080,23.223507690429688,0.8205018555908167,0.6529415845870972
284688384,23.02697769165039,1.6781968044559645,0.6461900472640991
284786688,22.933536715507508,2.3818481763797177,0.644668459892273
284884992,23.10246835708618,0.7638965842641635,0.6454564332962036
284983296,23.13359363555908,0.7559119895403088,0.6503278613090515
285081600,22.909269061088562,2.139115424786139,0.6480495929718018
285179904,23.098469921573997,2.414111753112366,0.6491953730583191
285278208,23.264493103027345,0.6519242129412062,0.6528117656707764
285376512,23.045948143005372,1.216843944013833,0.6436238288879395
285474816,23.144006690979005,0.6863083899305902,0.6487129330635071
285573120,23.185199184417726,0.77807668321454,0.6508963704109192
285671424,22.96798189163208,0.8138864392120693,0.6493545770645142
285769728,23.16912197113037,0.7714558693413998,0.6527196168899536
285868032,23.027562894821166,1.5264489511563153,0.6492756605148315
285966336,22.976875109672548,2.1684781251112155,0.654060959815979
286064640,22.981420431137085,2.045188977784408,0.651242196559906
286162944,23.180065269470216,0.7332601438104708,0.6475652456283569
286261248,23.141065893173216,1.184004013275533,0.65078204870224
286359552,23.229386653900146,0.8036409982741461,0.6546528339385986
286457856,23.13053825378418,0.8796853693832608,0.6524509787559509
286556160,23.161218128204347,0.7475690797061844,0.6472150683403015
286654464,23.150536670684815,0.7609555818087694,0.6443460583686829
286752768,23.14635944366455,0.7831621519884798,0.6474946141242981
286851072,23.058442420959473,0.6905871089453223,0.6516329050064087
286949376,23.228585777282714,0.8755098505106009,0.6505186557769775
287047680,23.1059370803833,1.166395005265343,0.6475862264633179
287145984,23.15936685562134,0.7525387736094705,0.650628924369812
287244288,23.260697193145752,0.6589793518436738,0.6518685221672058
287342592,23.01226716041565,1.197097995274326,0.6452891826629639
287440896,23.053177642822266,0.7595946890951015,0.6445102095603943
287539200,23.282892360687256,0.7495917894060184,0.6377402544021606
287637504,23.25434970855713,0.7541575572010779,0.6564774513244629
287735808,23.001219453811647,1.6435141684589738,0.6487481594085693
287834112,23.210994720458984,0.7622021689099203,0.6523244380950928
287932416,23.131128311157227,0.8137508153608226,0.6494392156600952
288030720,22.980492372512817,1.3403110684681838,0.641331672668457
288129024,23.180136280059813,0.8058334984628623,0.6529978513717651
288227328,23.16694435119629,0.6520197755959457,0.6519566774368286
288325632,23.16617696762085,0.7848194269874407,0.6519796848297119
288423936,23.039005603790283,0.832943836898694,0.6476662755012512
288522240,23.23062915802002,0.7414588152564872,0.6501938104629517
288620544,23.03917486190796,0.7996652782125399,0.6446226239204407
288718848,23.28868058204651,1.1369443904762675,0.6553984880447388
288817152,23.180976810455324,0.7377921860255953,0.6475972533226013
288915456,23.01729875087738,2.024993043036345,0.6446436047554016
289013760,23.071362252235414,1.7104002020393643,0.6433354616165161
289112064,23.158803482055664,1.2564818401756435,0.6479200124740601
289210368,23.163715686798096,0.8904545076610674,0.6528671979904175
289308672,23.340367221832274,0.680174763712067,0.6542962789535522
289406976,23.16666358947754,0.8197536917313344,0.6440404653549194
289505280,22.977502698898316,2.2775650572930597,0.6398900747299194
289603584,22.71405299305916,3.230374108666446,0.6362210512161255
289701888,23.007613620758057,0.808433749571699,0.6412221789360046
289800192,23.013288455307485,2.402618932340303,0.6466362476348877
289898496,23.034185485839842,0.8453331875689789,0.6476231813430786
289996800,23.110446586608887,0.7444622567488052,0.6474549770355225
290095104,23.25095443725586,0.896738608997977,0.6503693461418152
290193408,23.072282009124756,0.7827588738844152,0.6469519138336182
290291712,23.13586545944214,0.8782416138930075,0.645112156867981
290390016,23.25106641769409,0.7620970248293633,0.6514894962310791
290488320,22.79300034493208,2.673757931097563,0.6384663581848145
290586624,23.14848310470581,0.7127598401628691,0.646587610244751
290684928,22.926173763275145,0.900795048389311,0.641663670539856
290783232,23.034799690246583,1.6482414581734333,0.6484658122062683
290881536,23.097046127319334,0.7686218535553411,0.640648603439331
290979840,23.02384482383728,1.4866524933749958,0.6435078978538513
291078144,22.961445808410645,1.5535856497314355,0.644072949886322
291176448,23.248225069046022,1.201844232638945,0.6546796560287476
291274752,23.31455394744873,0.724722309351501,0.6538162231445312
291373056,23.336874828338622,0.6656679082713441,0.6456557512283325
291471360,23.163334445953367,0.7747281423734209,0.6519474387168884
291569664,23.071838216781615,1.5635000827323355,0.6453536748886108
291667968,23.157915592193604,0.7200566882370504,0.6481947302818298
291766272,23.098100833892822,1.951379557535983,0.6553818583488464
291864576,23.164953861236572,0.821797186375811,0.6501548290252686
291962880,23.151973152160643,0.7533504491145665,0.6489667892456055
292061184,23.329594650268554,0.7341313635435938,0.6525732278823853
292159488,22.886862211227417,2.0505303682052096,0.6424497961997986
292257792,23.1837273979187,0.6768776202716071,0.649692177772522
292356096,23.35343563079834,0.6820297020577938,0.6531927585601807
292454400,23.04471912384033,0.8437175928785892,0.645308256149292
292552704,23.174436969757082,0.8005881187852261,0.6505492925643921
292651008,22.871242656707764,2.426147450492162,0.6364367008209229
292749312,23.184805870056152,0.7784830473223862,0.6494914293289185
292847616,23.217467880249025,1.2953349848340783,0.653359055519104
292945920,23.18291961669922,0.6851074571719294,0.649497926235199
293044224,23.199991970062257,0.7867559562923551,0.6475057005882263
293142528,23.20032367706299,0.7684898157738284,0.6524547934532166
293240832,23.221150436401366,0.6836226495368052,0.6537034511566162
293339136,23.18013271331787,0.6851861829534768,0.6500250101089478
293437440,23.342699928283693,0.7316066625649486,0.6561647653579712
293535744,23.165445671081542,0.7725801031623529,0.6496862173080444
293634048,23.28073173522949,0.7728616401955697,0.6513998508453369
293732352,23.20752893447876,0.7554506564368585,0.6528830528259277
293830656,23.19587459564209,0.6370712081486186,0.6534173488616943
293928960,23.15592441558838,0.8289144355633821,0.6470761299133301
294027264,23.045200634002686,2.165387279450233,0.6462135314941406
294125568,23.109964609146118,2.039471811316121,0.6481500267982483
294223872,23.25619686126709,0.7172984790601049,0.651506245136261
294322176,23.25951515197754,0.7539726353113086,0.6490346193313599
294420480,23.124299408495425,2.407367749775644,0.6487592458724976
294518784,23.393309078216554,0.7213658761333983,0.6578042507171631
294617088,23.308235473632813,0.8834656179145537,0.651968777179718
294715392,23.160495357513426,0.708568877253554,0.6515018939971924
294813696,23.13895565032959,0.7374247461859877,0.647101640701294
294912000,23.20928544998169,0.6887376516495735,0.6486155390739441
